stop_id,latitude,longitude
0,33.424724,-112.075816
1,33.770429,-112.100253
2,33.639196,-112.194308
3,33.559195,-111.93564
4,33.293611,-112.014026
5,33.293597,-111.780579
6,33.23485,-112.280734
7,33.719706,-111.913679
8,33.560669,-111.842231
9,33.624844,-111.844308
10,33.212351,-111.768356
11,33.781946,-111.86258
12,33.699466,-111.743314
13,33.327403,-112.100406
14,33.309095,-111.998074
15,33.310043,-112.291552
16,33.382545,-112.295825
17,33.514854,-112.155924
18,33.459167,-112.239516
19,33.374737,-112.143873
20,33.567112,-112.193774
21,33.283696,-112.282888
22,33.375287,-111.754418
23,33.419817,-112.295066
24,33.473642,-111.858351
25,33.671106,-112.208711
26,33.319804,-111.752662
27,33.508541,-111.764322
28,33.555449,-111.907659
29,33.22787,-111.89666
30,33.564527,-112.296797
31,33.302314,-111.709077
32,33.239031,-111.7733
33,33.769331,-111.762936
34,33.779379,-111.904453
35,33.685038,-112.093128
36,33.382768,-111.763811
37,33.258603,-112.12509
38,33.61054,-111.962373
39,33.464091,-112.240161
40,33.273223,-111.746827
41,33.497106,-112.215538
42,33.220633,-112.165062
43,33.745592,-111.96512
44,33.355268,-111.841544
45,33.597513,-111.928389
46,33.387027,-112.16072
47,33.512041,-112.299434
48,33.528026,-111.84571
49,33.310913,-111.708876
50,33.781751,-111.814052
51,33.66508,-112.023876
52,33.763699,-111.75774
53,33.736896,-112.054091
54,33.55874,-111.98504
55,33.753125,-112.013722
56,33.253096,-112.031426
57,33.31759,-111.834886
58,33.227136,-111.983939
59,33.395198,-112.10997
60,33.433206,-112.145105
61,33.362809,-112.277352
62,33.697243,-111.950083
63,33.414052,-112.162023
64,33.368561,-112.21112
65,33.525618,-111.907702
66,33.284555,-111.891274
67,33.681318,-111.848707
68,33.24473,-111.997854
69,33.792132,-111.763567
70,33.663347,-111.738194
71,33.319229,-111.815577
72,33.203313,-111.918644
73,33.689277,-112.117767
74,33.624114,-111.710233
75,33.637404,-112.135518
76,33.662762,-112.178406
77,33.244427,-112.034708
78,33.415079,-112.265896
79,33.269521,-111.712903
80,33.717862,-111.94694
81,33.573979,-111.965829
82,33.398539,-111.906522
83,33.238135,-112.001786
84,33.386589,-112.280762
85,33.39511,-111.932613
86,33.637764,-111.870296
87,33.582534,-112.049951
88,33.732328,-111.845623
89,33.483329,-112.163799
90,33.271757,-112.167234
91,33.627947,-112.20315
92,33.656471,-112.076803
93,33.536766,-111.791793
94,33.66258,-111.803253
95,33.496277,-112.070305
96,33.51364,-111.946529
97,33.456525,-111.86751
98,33.215251,-112.155276
99,33.264735,-112.199115
100,33.218858,-111.716742
101,33.581846,-111.929466
102,33.388614,-111.711151
103,33.505142,-112.097346
104,33.74454,-111.878181
105,33.349575,-112.166438
106,33.44623,-112.14328
107,33.653331,-111.992859
108,33.337279,-112.108229
109,33.246188,-112.199427
110,33.373851,-112.142272
111,33.296733,-112.278551
112,33.757819,-111.877346
113,33.684872,-112.00473
114,33.580042,-112.243454
115,33.722876,-112.196984
116,33.682203,-112.238479
117,33.311942,-111.932444
118,33.735535,-112.243474
119,33.523605,-111.847431
120,33.684464,-112.287693
121,33.737655,-112.150375
122,33.390802,-111.7656
123,33.266031,-111.868881
124,33.336761,-112.256219
125,33.456265,-111.807324
126,33.690809,-112.004179
127,33.716438,-111.79193
128,33.204171,-111.939556
129,33.506448,-111.8909
130,33.450447,-111.703899
131,33.333265,-112.160599
132,33.271919,-111.925633
133,33.402569,-112.023807
134,33.765746,-112.276329
135,33.393922,-112.291318
136,33.511274,-112.228463
137,33.621811,-111.910545
138,33.418178,-111.959702
139,33.783069,-111.967942
140,33.777468,-112.280886
141,33.351069,-112.018418
142,33.498349,-111.745226
143,33.380527,-112.061445
144,33.370904,-111.925047
145,33.222132,-111.832109
146,33.565739,-111.829645
147,33.501607,-111.988432
148,33.230887,-111.785229
149,33.367188,-112.065173
150,33.74496,-111.766784
151,33.343737,-112.155864
152,33.286937,-112.13187
153,33.493672,-112.268128
154,33.79139,-111.822651
155,33.345233,-112.049767
156,33.603281,-112.16253
157,33.656972,-112.160926
158,33.342583,-111.75916
159,33.63693,-111.79965
160,33.42067,-111.967881
161,33.579383,-111.930334
162,33.580118,-112.015405
163,33.521465,-112.065
164,33.254174,-111.750714
165,33.701181,-112.224632
166,33.392468,-112.048932
167,33.311911,-112.093263
168,33.224465,-112.00111
169,33.554536,-112.025421
170,33.606539,-111.988666
171,33.209953,-112.216049
172,33.507256,-111.992115
173,33.335897,-112.154549
174,33.587104,-112.189401
175,33.30462,-112.261099
176,33.614563,-111.842408
177,33.432041,-112.043535
178,33.762038,-111.924014
179,33.282513,-111.863444
180,33.40464,-111.89241
181,33.268084,-112.0177
182,33.754816,-112.067261
183,33.726404,-112.074424
184,33.354765,-111.915971
185,33.59599,-112.003123
186,33.690333,-111.790521
187,33.53312,-111.775179
188,33.51779,-112.197664
189,33.345111,-112.21826
190,33.255862,-111.921759
191,33.738329,-112.119265
192,33.740251,-112.288858
193,33.579861,-111.766814
194,33.403418,-112.16386
195,33.409526,-111.742432
196,33.635573,-111.869539
197,33.738266,-111.842408
198,33.732252,-112.179123
199,33.667925,-112.159483
200,33.585219,-111.987239
201,33.250484,-112.19674
202,33.296977,-112.116741
203,33.739133,-112.107123
204,33.563857,-112.204222
205,33.205518,-112.17689
206,33.260883,-111.826869
207,33.598101,-112.199682
208,33.203037,-112.282926
209,33.296485,-111.922387
210,33.52924,-111.71441
211,33.615137,-112.101272
212,33.591177,-112.228807
213,33.334562,-111.957768
214,33.627308,-111.756187
215,33.342349,-111.829563
216,33.39524,-111.92649
217,33.647895,-112.110966
218,33.58978,-111.974872
219,33.709534,-112.245253
220,33.594568,-111.892633
221,33.540985,-111.864942
222,33.256205,-111.720981
223,33.420629,-112.143762
224,33.359121,-112.288926
225,33.346394,-111.972635
226,33.783806,-111.875926
227,33.435859,-111.825756
228,33.735228,-112.183757
229,33.578683,-112.142948
230,33.676887,-111.992445
231,33.501582,-112.10164
232,33.546142,-111.783693
233,33.495511,-112.015744
234,33.317146,-111.820253
235,33.633471,-111.951628
236,33.368463,-111.836146
237,33.21459,-112.100396
238,33.587283,-111.80115
239,33.306266,-112.135257
240,33.764275,-111.972341
241,33.772357,-112.171596
242,33.748919,-112.014684
243,33.422095,-112.109095
244,33.209274,-112.139978
245,33.756991,-111.719809
246,33.45691,-112.203956
247,33.779993,-111.827604
248,33.778172,-111.709501
249,33.711806,-112.288059
250,33.376669,-111.880584
251,33.431059,-112.148253
252,33.710682,-112.275707
253,33.390153,-112.058266
254,33.301696,-111.738869
255,33.534081,-112.292941
256,33.761693,-111.947269
257,33.617618,-111.999162
258,33.542037,-111.77597
259,33.258306,-112.249599
260,33.569004,-111.891084
261,33.794032,-111.891934
262,33.28405,-111.898552
263,33.510998,-111.734599
264,33.726424,-111.806147
265,33.644461,-112.274816
266,33.618209,-112.01735
267,33.62149,-112.061228
268,33.415695,-112.113912
269,33.376155,-112.029198
270,33.685617,-112.069483
271,33.686068,-112.0406
272,33.720243,-111.712443
273,33.747944,-112.24682
274,33.506805,-111.746661
275,33.50091,-112.011858
276,33.678977,-111.925755
277,33.589978,-111.80189
278,33.62118,-112.083722
279,33.677476,-112.041747
280,33.734003,-112.054289
281,33.402797,-112.075161
282,33.42535,-111.744682
283,33.256389,-111.802642
284,33.546968,-112.2346
285,33.221565,-112.235126
286,33.479359,-112.043278
287,33.525587,-112.240806
288,33.371925,-111.928544
289,33.5545,-112.213785
290,33.2183,-111.986576
291,33.222409,-112.295668
292,33.69356,-112.110042
293,33.416114,-111.893686
294,33.276236,-112.009577
295,33.513346,-111.713038
296,33.661996,-111.775538
297,33.329493,-112.084558
298,33.573734,-112.272708
299,33.251208,-111.792624
300,33.231009,-111.753259
301,33.518813,-111.807624
302,33.524381,-112.22323
303,33.582458,-111.701251
304,33.635655,-112.144849
305,33.785511,-111.865477
306,33.50978,-111.755179
307,33.393774,-112.158588
308,33.677112,-111.755045
309,33.362499,-112.114311
310,33.463383,-111.714152
311,33.247074,-112.131244
312,33.21521,-111.727939
313,33.777589,-112.267873
314,33.701588,-111.874437
315,33.617585,-111.980733
316,33.445372,-112.013274
317,33.303977,-112.165903
318,33.293862,-111.876643
319,33.350146,-112.185514
320,33.529536,-111.968295
321,33.628758,-112.148053
322,33.596118,-111.726627
323,33.36796,-112.282821
324,33.772919,-112.180163
325,33.642738,-112.154614
326,33.532612,-112.051559
327,33.567032,-112.160362
328,33.45176,-112.005191
329,33.348639,-111.776521
330,33.413584,-111.872762
331,33.654708,-111.952023
332,33.208636,-112.246598
333,33.269644,-111.883605
334,33.227602,-112.200151
335,33.224437,-111.82818
336,33.713276,-112.149966
337,33.622195,-112.049771
338,33.484504,-112.089718
339,33.2587,-111.784712
340,33.49497,-112.224073
341,33.484083,-111.960613
342,33.303921,-112.214763
343,33.460311,-111.877122
344,33.439103,-111.756953
345,33.56951,-112.039235
346,33.581056,-112.007145
347,33.227182,-111.743546
348,33.424768,-111.987405
349,33.575516,-112.007441
350,33.501882,-111.953003
351,33.713894,-111.886462
352,33.595216,-112.23587
353,33.297761,-111.807334
354,33.242341,-112.038697
355,33.585452,-112.256591
356,33.215907,-111.82829
357,33.551465,-112.07383
358,33.764138,-112.23978
359,33.545285,-111.919733
360,33.432902,-111.771921
361,33.585973,-111.767348
362,33.474952,-111.725402
363,33.52737,-111.779377
364,33.764879,-112.298715
365,33.431662,-112.071855
366,33.776714,-111.808874
367,33.74321,-112.080248
368,33.317475,-111.939071
369,33.241617,-111.93621
370,33.260467,-112.080985
371,33.210933,-111.757316
372,33.256666,-111.998063
373,33.609804,-112.021129
374,33.242713,-111.701492
375,33.391385,-112.0039
376,33.706925,-112.192961
377,33.213963,-111.992158
378,33.688681,-111.81159
379,33.369113,-111.833884
380,33.270899,-111.826851
381,33.618042,-111.875186
382,33.577366,-112.147469
383,33.726483,-111.78275
384,33.641043,-111.763934
385,33.682089,-112.183508
386,33.369221,-112.221727
387,33.306464,-111.714637
388,33.650369,-111.779006
389,33.684101,-111.764058
390,33.794303,-111.768174
391,33.447571,-111.974988
392,33.423211,-111.912159
393,33.665848,-111.972782
394,33.404482,-112.269276
395,33.758454,-111.852698
396,33.715048,-111.996801
397,33.457396,-111.911375
398,33.650523,-111.998416
399,33.652726,-112.004913
400,33.261874,-112.196927
401,33.741532,-112.132772
402,33.503151,-112.204688
403,33.695874,-112.1826
404,33.39203,-111.716214
405,33.737314,-112.208132
406,33.433521,-112.138438
407,33.206503,-111.945646
408,33.743229,-111.933893
409,33.254772,-112.207616
410,33.391588,-111.82377
411,33.770037,-111.828878
412,33.770364,-112.157609
413,33.544063,-112.1268
414,33.579102,-111.737207
415,33.469067,-111.804597
416,33.375926,-111.881322
417,33.397199,-112.25066
418,33.603511,-112.049042
419,33.651425,-111.964419
420,33.674947,-112.187553
421,33.673771,-112.031064
422,33.254724,-111.939384
423,33.496652,-112.103574
424,33.234535,-111.831433
425,33.529717,-111.79573
426,33.464918,-112.105834
427,33.732623,-111.796806
428,33.410549,-112.237854
429,33.27024,-111.797363
430,33.285795,-112.20835
431,33.656906,-112.250244
432,33.570931,-111.914935
433,33.260674,-112.016838
434,33.250464,-111.755266
435,33.620581,-112.082086
436,33.243658,-112.127709
437,33.693116,-111.999559
438,33.623745,-112.026432
439,33.248809,-112.093343
440,33.250903,-111.883755
441,33.791984,-111.844263
442,33.424562,-111.78821
443,33.422385,-111.716286
444,33.68768,-112.140006
445,33.768349,-111.870344
446,33.791601,-112.063445
447,33.652027,-111.893751
448,33.425756,-112.014411
449,33.2501,-111.703736
450,33.666288,-111.862659
451,33.535043,-111.728505
452,33.454533,-111.799018
453,33.743813,-111.758259
454,33.266718,-111.811348
455,33.495575,-112.024505
456,33.206812,-112.148927
457,33.481196,-112.077808
458,33.233782,-112.287858
459,33.271291,-111.985604
460,33.270516,-111.996965
461,33.589526,-111.98485
462,33.647627,-111.715581
463,33.550021,-111.753128
464,33.777304,-112.202972
465,33.424922,-112.07867
466,33.371427,-112.045626
467,33.721159,-112.08368
468,33.334158,-111.820902
469,33.777934,-111.985577
470,33.207293,-111.95674
471,33.781927,-111.788192
472,33.225896,-111.816443
473,33.734686,-112.220673
474,33.516621,-111.871651
475,33.795779,-112.038738
476,33.244278,-112.123211
477,33.532313,-112.269989
478,33.781582,-112.00765
479,33.513859,-112.086738
480,33.577639,-112.149092
481,33.617449,-111.883197
482,33.472725,-111.838309
483,33.576535,-112.153126
484,33.550589,-112.270332
485,33.740695,-111.790748
486,33.227268,-112.294024
487,33.368578,-111.737733
488,33.770247,-111.923428
489,33.734158,-112.106892
490,33.473394,-112.152113
491,33.57208,-112.294597
492,33.366429,-112.158717
493,33.312873,-112.217363
494,33.478219,-111.9327
495,33.412011,-112.200073
496,33.550194,-111.982822
497,33.246641,-111.94593
498,33.784637,-112.121175
499,33.791726,-112.278961
500,33.618897,-112.277648
501,33.521658,-112.284192
502,33.385717,-111.856525
503,33.688277,-112.109194
504,33.610839,-111.82222
505,33.29757,-112.04096
506,33.746556,-112.028201
507,33.693522,-111.99227
508,33.76988,-111.872181
509,33.635432,-112.135898
510,33.568049,-112.227048
511,33.450946,-111.966366
512,33.759637,-112.103813
513,33.719638,-112.034505
514,33.227131,-111.911832
515,33.21582,-112.003525
516,33.425878,-111.927833
517,33.686332,-111.97348
518,33.792366,-111.856122
519,33.29025,-111.876438
520,33.556478,-111.979486
521,33.428535,-111.892658
522,33.781949,-111.775864
523,33.705271,-112.040637
524,33.702997,-112.052342
525,33.481216,-111.841453
526,33.448892,-111.950468
527,33.364044,-112.257396
528,33.233825,-111.764733
529,33.718833,-112.28153
530,33.687741,-111.850962
531,33.799831,-111.844724
532,33.797982,-111.728133
533,33.533259,-112.267519
534,33.661392,-111.941886
535,33.766859,-112.043296
536,33.709788,-112.10162
537,33.348409,-112.245809
538,33.470326,-111.962408
539,33.277496,-112.012576
540,33.772431,-112.237267
541,33.563705,-111.932506
542,33.337186,-111.857228
543,33.60302,-111.839633
544,33.570877,-111.756776
545,33.414898,-112.054318
546,33.268135,-111.728156
547,33.602944,-111.780742
548,33.512185,-112.122099
549,33.663391,-112.20443
550,33.512098,-112.038766
551,33.711309,-112.058861
552,33.531144,-111.954568
553,33.536563,-111.949968
554,33.725992,-111.850008
555,33.44209,-111.994066
556,33.280409,-112.237106
557,33.21727,-111.785025
558,33.653082,-112.114141
559,33.572186,-111.717222
560,33.622448,-112.229284
561,33.327778,-111.725049
562,33.281823,-112.245393
563,33.208727,-112.161378
564,33.410353,-112.272052
565,33.553951,-111.876932
566,33.435346,-111.789821
567,33.462485,-112.039557
568,33.742495,-111.742887
569,33.408953,-111.945821
570,33.508394,-111.921996
571,33.670192,-111.792748
572,33.437926,-112.12192
573,33.573252,-112.087441
574,33.717418,-111.756429
575,33.769712,-111.759422
576,33.288244,-111.71411
577,33.755953,-111.758897
578,33.49527,-112.223577
579,33.354947,-111.805765
580,33.475481,-112.054097
581,33.78802,-111.705519
582,33.495571,-112.016631
583,33.397251,-111.967698
584,33.580041,-111.982135
585,33.344087,-112.106958
586,33.245518,-112.254987
587,33.277328,-111.762609
588,33.276828,-111.818395
589,33.291142,-112.216284
590,33.283296,-111.833939
591,33.584525,-111.924492
592,33.309128,-112.054514
593,33.4074,-112.147587
594,33.738073,-111.784163
595,33.484377,-111.879887
596,33.600535,-111.971356
597,33.303392,-111.934259
598,33.315373,-112.24536
599,33.224521,-112.015648
600,33.301361,-112.18378
601,33.367154,-112.17497
602,33.306206,-111.903218
603,33.253222,-111.753246
604,33.272382,-112.057746
605,33.476467,-112.17535
606,33.3238,-111.910752
607,33.418562,-111.777288
608,33.50205,-111.851009
609,33.614237,-111.778746
610,33.223587,-111.978067
611,33.679646,-111.848874
612,33.57674,-112.215961
613,33.249055,-112.091035
614,33.724147,-112.066271
615,33.752523,-111.993223
616,33.236647,-111.742554
617,33.366127,-111.775422
618,33.683721,-112.219285
619,33.648956,-112.196326
620,33.310713,-112.085416
621,33.32561,-112.125554
622,33.422283,-111.931137
623,33.490714,-111.758334
624,33.570953,-111.722625
625,33.421348,-111.907838
626,33.477521,-111.797104
627,33.648483,-111.984879
628,33.22201,-112.175004
629,33.351462,-111.985187
630,33.62801,-111.96695
631,33.737124,-111.854525
632,33.507006,-112.16807
633,33.519268,-112.079014
634,33.264303,-112.081584
635,33.468447,-111.724336
636,33.51957,-112.033633
637,33.345482,-111.846944
638,33.361546,-111.849513
639,33.42637,-112.140673
640,33.212043,-111.956878
641,33.393247,-111.763418
642,33.326869,-112.014881
643,33.396498,-111.732929
644,33.271857,-112.171325
645,33.734316,-112.255505
646,33.556155,-111.765128
647,33.607461,-111.791391
648,33.673503,-111.704446
649,33.499065,-111.892364
650,33.252152,-111.737987
651,33.522264,-111.803831
652,33.552105,-111.793344
653,33.647264,-111.958515
654,33.458996,-112.070581
655,33.276548,-111.739265
656,33.370266,-112.04073
657,33.417849,-111.976708
658,33.58755,-112.032331
659,33.542467,-111.961109
660,33.413658,-112.017697
661,33.791909,-112.271219
662,33.563465,-111.770771
663,33.342336,-112.033364
664,33.261069,-111.946634
665,33.291715,-112.216487
666,33.347575,-112.297967
667,33.296409,-112.152826
668,33.31194,-111.877248
669,33.371057,-112.240483
670,33.304024,-111.754668
671,33.738059,-112.170986
672,33.24814,-112.177244
673,33.514707,-112.191095
674,33.446238,-112.291611
675,33.789427,-111.836917
676,33.267223,-111.774979
677,33.438713,-111.931502
678,33.781682,-112.18708
679,33.719304,-112.128833
680,33.690243,-112.014444
681,33.354742,-111.727392
682,33.302533,-112.151589
683,33.601186,-111.861012
684,33.757626,-112.036331
685,33.534058,-112.121292
686,33.542968,-112.02645
687,33.367987,-112.257276
688,33.661696,-111.820788
689,33.312226,-112.154019
690,33.394208,-111.864753
691,33.455262,-112.258991
692,33.504566,-111.726941
693,33.345446,-112.184191
694,33.268902,-111.770355
695,33.566372,-111.814316
696,33.373178,-111.719284
697,33.548743,-112.013266
698,33.292618,-111.863562
699,33.488684,-112.077574
700,33.519554,-112.189379
701,33.231094,-112.034154
702,33.401963,-112.200551
703,33.280649,-111.710773
704,33.238025,-112.242252
705,33.793976,-111.946473
706,33.393412,-111.924122
707,33.685925,-111.977152
708,33.352784,-111.902688
709,33.608902,-112.230292
710,33.656137,-111.966989
711,33.557383,-112.127672
712,33.482946,-111.735894
713,33.447105,-111.842757
714,33.409321,-111.716491
715,33.757717,-112.277466
716,33.698372,-112.12892
717,33.779016,-112.182746
718,33.274578,-112.293307
719,33.63852,-112.154605
720,33.763004,-111.892734
721,33.30874,-112.161347
722,33.239898,-111.994598
723,33.644672,-111.767309
724,33.544684,-111.883745
725,33.705097,-112.063223
726,33.283863,-112.076519
727,33.67716,-112.026559
728,33.320976,-112.193775
729,33.298194,-111.9196
730,33.298559,-112.081508
731,33.688745,-111.788581
732,33.599118,-111.846068
733,33.513839,-111.933692
734,33.415298,-112.081479
735,33.72632,-112.174041
736,33.435467,-111.834309
737,33.68996,-112.008155
738,33.463481,-112.16515
739,33.426167,-112.182895
740,33.477608,-112.200759
741,33.380827,-111.833703
742,33.648566,-112.162608
743,33.501632,-111.984015
744,33.339328,-112.029072
745,33.739745,-111.952233
746,33.430335,-111.773707
747,33.526132,-111.779352
748,33.743883,-112.029354
749,33.574543,-112.29078
750,33.270139,-112.044134
751,33.763899,-111.936284
752,33.576625,-111.965341
753,33.400943,-111.909198
754,33.283563,-112.207555
755,33.676415,-111.912079
756,33.572044,-112.190409
757,33.520077,-111.849686
758,33.736336,-112.096547
759,33.673158,-111.874063
760,33.291005,-112.271281
761,33.387033,-112.055284
762,33.349093,-111.876979
763,33.646368,-112.163878
764,33.220119,-111.822828
765,33.541934,-111.921532
766,33.657475,-111.947463
767,33.726059,-112.087871
768,33.405249,-112.010529
769,33.692754,-111.94159
770,33.266379,-112.016523
771,33.707871,-111.881012
772,33.276493,-112.039782
773,33.438372,-112.178636
774,33.678377,-112.17164
775,33.28995,-112.296518
776,33.337551,-112.119425
777,33.633352,-111.850649
778,33.632022,-111.823502
779,33.584689,-112.178519
780,33.616369,-111.724574
781,33.525635,-111.998558
782,33.351079,-111.749813
783,33.407418,-111.875941
784,33.308959,-111.86654
785,33.74507,-112.248974
786,33.550035,-112.168005
787,33.440511,-112.294711
788,33.477203,-111.870323
789,33.76837,-112.093337
790,33.292011,-111.828008
791,33.551738,-112.096638
792,33.503533,-111.8084
793,33.566873,-112.221581
794,33.210866,-112.195976
795,33.723274,-112.095474
796,33.759271,-112.054908
797,33.53908,-112.090778
798,33.61799,-111.841812
799,33.7535,-112.241829
800,33.624343,-112.08927
801,33.291523,-111.797656
802,33.545773,-112.259922
803,33.564029,-111.734594
804,33.454478,-111.70821
805,33.641867,-112.246859
806,33.76062,-112.125236
807,33.755341,-112.07656
808,33.470504,-111.834165
809,33.267943,-111.942444
810,33.790905,-111.913381
811,33.703339,-111.845494
812,33.274798,-112.229213
813,33.752505,-111.800074
814,33.721938,-111.876628
815,33.511303,-111.953595
816,33.554765,-111.766159
817,33.439402,-111.879816
818,33.232857,-112.17898
819,33.401118,-112.042153
820,33.681712,-112.003574
821,33.202779,-112.266869
822,33.4001,-111.727217
823,33.438901,-112.222854
824,33.522437,-111.881523
825,33.751913,-111.996261
826,33.407808,-112.284621
827,33.408172,-111.745152
828,33.642501,-111.788898
829,33.471331,-111.985445
830,33.334763,-112.162635
831,33.471464,-112.227026
832,33.284514,-112.081965
833,33.305832,-112.146743
834,33.499021,-111.995985
835,33.451355,-111.720154
836,33.748908,-111.955028
837,33.417436,-111.766041
838,33.548353,-111.909473
839,33.579359,-112.014852
840,33.207857,-111.787235
841,33.598122,-112.017179
842,33.306822,-111.778823
843,33.776642,-112.125054
844,33.289198,-112.222712
845,33.448774,-111.786811
846,33.25121,-111.947551
847,33.798125,-111.766545
848,33.501317,-111.737304
849,33.557231,-112.267823
850,33.240246,-111.999418
851,33.649976,-112.075021
852,33.325943,-111.924485
853,33.738833,-111.823845
854,33.323084,-112.131646
855,33.314413,-111.965921
856,33.22193,-111.874763
857,33.48324,-112.219341
858,33.538905,-111.81156
859,33.239425,-111.936334
860,33.665317,-111.730278
861,33.471973,-112.096283
862,33.514634,-112.235112
863,33.464458,-111.996099
864,33.440458,-112.248514
865,33.535784,-111.718284
866,33.293144,-112.276789
867,33.309157,-111.847898
868,33.717071,-111.984939
869,33.767669,-112.078828
870,33.423986,-112.260495
871,33.362447,-111.9267
872,33.5864,-111.948868
873,33.445241,-112.13147
874,33.215232,-111.753867
875,33.293692,-112.117534
876,33.629583,-112.030165
877,33.595354,-111.973743
878,33.216258,-112.239861
879,33.333183,-111.740703
880,33.338645,-112.075278
881,33.603136,-112.251532
882,33.211826,-112.067625
883,33.262465,-111.939878
884,33.67995,-111.991808
885,33.307127,-111.883275
886,33.591648,-112.26671
887,33.34291,-112.129276
888,33.259665,-111.808462
889,33.345903,-112.252064
890,33.63336,-111.786708
891,33.713418,-112.244862
892,33.698132,-111.799327
893,33.43831,-112.083527
894,33.600851,-111.932675
895,33.322991,-112.208268
896,33.375889,-112.260299
897,33.737801,-112.170437
898,33.207801,-112.223288
899,33.251305,-112.112556
900,33.324732,-111.99137
901,33.215919,-111.946744
902,33.308861,-111.826079
903,33.549825,-111.906256
904,33.452855,-111.934745
905,33.735603,-112.052931
906,33.690466,-112.015715
907,33.40509,-112.051288
908,33.355654,-111.7947
909,33.427815,-112.162
910,33.554177,-112.296567
911,33.360838,-111.909208
912,33.574489,-112.178523
913,33.445647,-111.765931
914,33.531228,-111.784572
915,33.461676,-112.253964
916,33.376679,-112.236167
917,33.769072,-112.002897
918,33.658163,-111.934466
919,33.284068,-112.135055
920,33.721081,-111.869921
921,33.492459,-111.94305
922,33.736731,-112.105106
923,33.679913,-112.284777
924,33.455128,-111.84991
925,33.213482,-112.171148
926,33.361206,-111.799316
927,33.524981,-112.047826
928,33.580087,-111.953754
929,33.354733,-111.776231
930,33.283614,-111.781826
931,33.700958,-112.077088
932,33.790641,-112.174667
933,33.515414,-111.834912
934,33.303008,-112.040152
935,33.363384,-112.184775
936,33.211034,-111.757345
937,33.748579,-112.181137
938,33.270651,-112.284516
939,33.54591,-112.287832
940,33.364433,-111.926611
941,33.532507,-111.902995
942,33.590852,-112.113375
943,33.697845,-112.107993
944,33.323853,-112.096304
945,33.206597,-111.891905
946,33.282131,-112.26512
947,33.740011,-111.74253
948,33.724334,-112.166487
949,33.558448,-111.700196
950,33.56031,-112.197086
951,33.599022,-111.837072
952,33.305223,-112.165952
953,33.748647,-112.251492
954,33.451262,-111.77504
955,33.429883,-111.784749
956,33.511351,-112.057858
957,33.22818,-111.878562
958,33.29977,-111.96576
959,33.64282,-111.788226
960,33.249679,-112.110966
961,33.561891,-111.985797
962,33.347209,-112.008777
963,33.433577,-112.087657
964,33.373216,-111.765127
965,33.413404,-112.200473
966,33.631428,-112.210295
967,33.378273,-111.953854
968,33.539843,-111.905503
969,33.48563,-112.183228
970,33.598203,-112.06557
971,33.762098,-111.732062
972,33.639543,-112.15203
973,33.328964,-111.898984
974,33.21871,-111.85591
975,33.357358,-112.031123
976,33.557047,-111.737484
977,33.230855,-111.858006
978,33.49782,-112.025245
979,33.558106,-111.958399
980,33.400546,-111.884432
981,33.662547,-111.944686
982,33.263959,-111.772781
983,33.245083,-112.085867
984,33.636913,-112.120069
985,33.497295,-112.171697
986,33.613041,-112.27733
987,33.460896,-112.274192
988,33.347841,-111.777967
989,33.691461,-111.892964
990,33.67965,-111.903681
991,33.616818,-111.931214
992,33.363287,-111.790469
993,33.554138,-112.01184
994,33.416584,-111.777754
995,33.254949,-112.084333
996,33.750388,-111.743975
997,33.282091,-111.880806
998,33.770142,-112.145694
999,33.467603,-111.961549
1000,33.31108,-111.980182
1001,33.525141,-112.217261
1002,33.723768,-111.945254
1003,33.639335,-112.111129
1004,33.683937,-112.268591
1005,33.59527,-111.730806
1006,33.615366,-111.915106
1007,33.709517,-111.773849
1008,33.349801,-111.894366
1009,33.493655,-112.08581
1010,33.332726,-111.992387
1011,33.792601,-111.894552
1012,33.766436,-111.723849
1013,33.223656,-112.147798
1014,33.623345,-111.775014
1015,33.755149,-111.745553
1016,33.308345,-111.897751
1017,33.540767,-111.74124
1018,33.749293,-112.061273
1019,33.220368,-111.72819
1020,33.618452,-111.87833
1021,33.378409,-112.274797
1022,33.754638,-111.755876
1023,33.782635,-112.009316
1024,33.76656,-112.023804
1025,33.484529,-111.96012
1026,33.717226,-112.210369
1027,33.70673,-112.0185
1028,33.39146,-111.801324
1029,33.697349,-112.290711
1030,33.222205,-112.13625
1031,33.557762,-112.298527
1032,33.338005,-112.050573
1033,33.27234,-111.863011
1034,33.246172,-111.820737
1035,33.617773,-111.732886
1036,33.403925,-111.934897
1037,33.63486,-112.147224
1038,33.239214,-111.745511
1039,33.389174,-111.834811
1040,33.523695,-111.955343
1041,33.674434,-111.882616
1042,33.391252,-111.74541
1043,33.575535,-111.872564
1044,33.731587,-112.078975
1045,33.569518,-111.872183
1046,33.339776,-112.275833
1047,33.21464,-112.068151
1048,33.722059,-112.056206
1049,33.212762,-112.199897
1050,33.724821,-112.286149
1051,33.517362,-112.219971
1052,33.763441,-111.907227
1053,33.67927,-111.818627
1054,33.79876,-111.707078
1055,33.410427,-112.092182
1056,33.660313,-111.940372
1057,33.441159,-111.737713
1058,33.487925,-112.199775
1059,33.576503,-111.869413
1060,33.724206,-111.847013
1061,33.79045,-112.246615
1062,33.660964,-111.78325
1063,33.45066,-111.812137
1064,33.452814,-112.279958
1065,33.642549,-112.245349
1066,33.343266,-112.270524
1067,33.266284,-112.099154
1068,33.412773,-111.994427
1069,33.372343,-111.980591
1070,33.377785,-112.1394
1071,33.340165,-111.753042
1072,33.225256,-112.079042
1073,33.210724,-112.27267
1074,33.792633,-112.119864
1075,33.456664,-111.981334
1076,33.430596,-112.055067
1077,33.607788,-112.135694
1078,33.330952,-112.221206
1079,33.769977,-111.808501
1080,33.671807,-111.702313
1081,33.253647,-112.102275
1082,33.450548,-112.071027
1083,33.727471,-111.929177
1084,33.766839,-111.868935
1085,33.480441,-112.064782
1086,33.568047,-111.757042
1087,33.30022,-111.963998
1088,33.794701,-112.029766
1089,33.339003,-111.911996
1090,33.765639,-111.728318
1091,33.589788,-111.823269
1092,33.564642,-112.275992
1093,33.507613,-112.100614
1094,33.338402,-112.017673
1095,33.305917,-112.111289
1096,33.332292,-111.879887
1097,33.311863,-111.804239
1098,33.667751,-111.861193
1099,33.410075,-111.7064
1100,33.234706,-112.136471
1101,33.781462,-111.775006
1102,33.730272,-111.840026
1103,33.756651,-112.082693
1104,33.796945,-111.859525
1105,33.304337,-112.237554
1106,33.437745,-111.8264
1107,33.654943,-111.980602
1108,33.617612,-112.124626
1109,33.292338,-111.906534
1110,33.6895,-111.915028
1111,33.334664,-112.174308
1112,33.334291,-112.281762
1113,33.522185,-112.039826
1114,33.555764,-111.958293
1115,33.548052,-111.774037
1116,33.254892,-111.74307
1117,33.726477,-111.982717
1118,33.35936,-111.847718
1119,33.277709,-112.036418
1120,33.733249,-111.852351
1121,33.773391,-112.177119
1122,33.717277,-112.077361
1123,33.68571,-111.919463
1124,33.593145,-112.289105
1125,33.530514,-111.866523
1126,33.252192,-111.798679
1127,33.445072,-112.060515
1128,33.423613,-112.031235
1129,33.355852,-111.789231
1130,33.634052,-111.834607
1131,33.497525,-112.12711
1132,33.248628,-112.105614
1133,33.33211,-111.892673
1134,33.609955,-111.962081
1135,33.245679,-112.202662
1136,33.710724,-112.114042
1137,33.497088,-111.76001
1138,33.488352,-111.887095
1139,33.555445,-111.708415
1140,33.694809,-111.839792
1141,33.408686,-111.734815
1142,33.60681,-112.170287
1143,33.539439,-111.837109
1144,33.360217,-112.287869
1145,33.727178,-111.897544
1146,33.678456,-112.018431
1147,33.595071,-112.091944
1148,33.710349,-111.782557
1149,33.720377,-111.787439
1150,33.625018,-112.286619
1151,33.702208,-111.934297
1152,33.618483,-112.079301
1153,33.608084,-112.050603
1154,33.571167,-111.800776
1155,33.65163,-112.114096
1156,33.295163,-111.734171
1157,33.728522,-112.19222
1158,33.723106,-111.902367
1159,33.217548,-111.896737
1160,33.69549,-112.148683
1161,33.277322,-112.10515
1162,33.401071,-111.799121
1163,33.646105,-111.842917
1164,33.296456,-112.102542
1165,33.69078,-111.979626
1166,33.699281,-112.262992
1167,33.504481,-112.174752
1168,33.203832,-112.008508
1169,33.372223,-112.248416
1170,33.570156,-111.794001
1171,33.788712,-111.869196
1172,33.579088,-111.73382
1173,33.355882,-111.88392
1174,33.580403,-111.735759
1175,33.523991,-111.967292
1176,33.667907,-111.939869
1177,33.264188,-111.713817
1178,33.656617,-111.914723
1179,33.52476,-112.281528
1180,33.777795,-111.865718
1181,33.405123,-111.756719
1182,33.579573,-111.822652
1183,33.759217,-111.9497
1184,33.261506,-111.897218
1185,33.762337,-111.705885
1186,33.612731,-112.245603
1187,33.240702,-111.899653
1188,33.380578,-112.129961
1189,33.624903,-111.915946
1190,33.24041,-111.935426
1191,33.549302,-112.207926
1192,33.40753,-112.175952
1193,33.572549,-111.927022
1194,33.227445,-112.223062
1195,33.722922,-112.140891
1196,33.784093,-111.798853
1197,33.781327,-112.103745
1198,33.649791,-112.007164
1199,33.278052,-111.735316
1200,33.654958,-112.163711
1201,33.214752,-112.066224
1202,33.213274,-111.936125
1203,33.394166,-111.846797
1204,33.493186,-111.759008
1205,33.662244,-111.750716
1206,33.609977,-111.834016
1207,33.467542,-112.163001
1208,33.364176,-112.285114
1209,33.798275,-112.069736
1210,33.455709,-112.215071
1211,33.470832,-111.873767
1212,33.298174,-111.903322
1213,33.676886,-112.273617
1214,33.616209,-111.798044
1215,33.332462,-112.150754
1216,33.249429,-112.040664
1217,33.6083,-111.89924
1218,33.592707,-112.042349
1219,33.363956,-112.035227
1220,33.770518,-112.260623
1221,33.290635,-112.059134
1222,33.459401,-111.841091
1223,33.76617,-111.750894
1224,33.451836,-112.051902
1225,33.583116,-112.045849
1226,33.438557,-111.878424
1227,33.364529,-111.734337
1228,33.790387,-112.139763
1229,33.4456,-112.035913
1230,33.73646,-111.822416
1231,33.337973,-111.934184
1232,33.327863,-112.233648
1233,33.21868,-111.92336
1234,33.591,-112.187952
1235,33.421116,-111.99387
1236,33.718615,-111.982538
1237,33.483926,-111.774278
1238,33.780916,-112.022503
1239,33.311315,-112.132335
1240,33.721174,-112.16142
1241,33.665958,-111.775449
1242,33.662553,-112.197393
1243,33.70687,-112.044479
1244,33.656614,-112.187696
1245,33.575732,-111.836018
1246,33.278747,-112.015376
1247,33.219516,-112.089314
1248,33.752509,-112.08334
1249,33.56999,-111.788671
1250,33.677922,-111.967736
1251,33.488913,-111.869279
1252,33.270385,-111.761777
1253,33.275111,-111.758955
1254,33.611339,-112.102895
1255,33.458184,-111.728529
1256,33.320315,-112.285074
1257,33.494957,-112.073899
1258,33.238525,-111.762521
1259,33.549183,-112.135218
1260,33.361396,-112.136151
1261,33.678535,-112.118427
1262,33.386217,-111.932612
1263,33.473132,-112.037
1264,33.206972,-111.863959
1265,33.243468,-111.763054
1266,33.435496,-111.89548
1267,33.487963,-112.17732
1268,33.560012,-111.740391
1269,33.374998,-112.141304
1270,33.616989,-112.210063
1271,33.716073,-112.24602
1272,33.667911,-111.96197
1273,33.223771,-112.231743
1274,33.488304,-112.216734
1275,33.262958,-112.119982
1276,33.345227,-112.131008
1277,33.791998,-111.937456
1278,33.285497,-111.809953
1279,33.499333,-111.84319
1280,33.570893,-112.142509
1281,33.621479,-112.152814
1282,33.535789,-111.720525
1283,33.205863,-112.295058
1284,33.395877,-111.772168
1285,33.510627,-112.180163
1286,33.25272,-111.731629
1287,33.410376,-112.094616
1288,33.219922,-112.035789
1289,33.247147,-111.875728
1290,33.438154,-111.947399
1291,33.279629,-112.109236
1292,33.540525,-111.967701
1293,33.613679,-111.861576
1294,33.680352,-112.274599
1295,33.32009,-112.29328
1296,33.30049,-112.02516
1297,33.262741,-112.220898
1298,33.581858,-111.901393
1299,33.623885,-112.171569
1300,33.218952,-112.040289
1301,33.761727,-112.181397
1302,33.231183,-111.97091
1303,33.524778,-112.230368
1304,33.625436,-112.286136
1305,33.722581,-112.269321
1306,33.628452,-111.727445
1307,33.681037,-112.214628
1308,33.40367,-111.874913
1309,33.688895,-112.259244
1310,33.248069,-112.235104
1311,33.73689,-111.994674
1312,33.528555,-112.021077
1313,33.690379,-111.729052
1314,33.471391,-111.733099
1315,33.586147,-111.832235
1316,33.515842,-111.938739
1317,33.638954,-112.027024
1318,33.248978,-112.086293
1319,33.236211,-111.731747
1320,33.348262,-111.938255
1321,33.295727,-111.952556
1322,33.72307,-112.160859
1323,33.331528,-112.271981
1324,33.785519,-111.732887
1325,33.402137,-112.111759
1326,33.309271,-112.034447
1327,33.673819,-112.231216
1328,33.595225,-111.797845
1329,33.498917,-112.283421
1330,33.533218,-111.799606
1331,33.631521,-112.215829
1332,33.337073,-111.768062
1333,33.7978,-111.862136
1334,33.784876,-112.201198
1335,33.590195,-111.960509
1336,33.319725,-112.112406
1337,33.608137,-112.19306
1338,33.243319,-111.784491
1339,33.218392,-112.057886
1340,33.35461,-112.060874
1341,33.477574,-112.198068
1342,33.720964,-112.070161
1343,33.636301,-111.77703
1344,33.645624,-112.082123
1345,33.455296,-111.729038
1346,33.407561,-111.732215
1347,33.422623,-112.213061
1348,33.79259,-112.193613
1349,33.224066,-111.782396
1350,33.720219,-112.064343
1351,33.547205,-112.297376
1352,33.463169,-112.135677
1353,33.635155,-111.941423
1354,33.492001,-111.82044
1355,33.724054,-112.219967
1356,33.740421,-112.233675
1357,33.453033,-111.746744
1358,33.366097,-111.849311
1359,33.55541,-111.946132
1360,33.747418,-111.838488
1361,33.326397,-112.042687
1362,33.57378,-111.844927
1363,33.578936,-112.076918
1364,33.639868,-112.153543
1365,33.278941,-111.862592
1366,33.629495,-112.048197
1367,33.74542,-111.711174
1368,33.30781,-112.090309
1369,33.342526,-111.746964
1370,33.782837,-111.740222
1371,33.308586,-112.154888
1372,33.712631,-111.821067
1373,33.495367,-112.040155
1374,33.348339,-111.749485
1375,33.72245,-112.029925
1376,33.467183,-111.853418
1377,33.50889,-112.01982
1378,33.41554,-112.16332
1379,33.555771,-112.18039
1380,33.298114,-112.044741
1381,33.434649,-111.846703
1382,33.781647,-111.936957
1383,33.35488,-111.886822
1384,33.594042,-112.130604
1385,33.395114,-112.011139
1386,33.664084,-112.273363
1387,33.278524,-111.809481
1388,33.781893,-111.706065
1389,33.472274,-112.055873
1390,33.34163,-112.293422
1391,33.244098,-112.198124
1392,33.301855,-111.908484
1393,33.511864,-111.932752
1394,33.402202,-111.827281
1395,33.69733,-112.14767
1396,33.458533,-111.841821
1397,33.349229,-111.88721
1398,33.570287,-112.106311
1399,33.624066,-111.972707
1400,33.300225,-112.211636
1401,33.300572,-112.028461
1402,33.222003,-111.771282
1403,33.641841,-112.047285
1404,33.598283,-111.79626
1405,33.484779,-111.945848
1406,33.706502,-112.184874
1407,33.683402,-111.951336
1408,33.551213,-111.99641
1409,33.720963,-112.060815
1410,33.323505,-112.228222
1411,33.267152,-112.049975
1412,33.36185,-112.256343
1413,33.234252,-112.240739
1414,33.518702,-112.05045
1415,33.761963,-112.116771
1416,33.223606,-111.744673
1417,33.273266,-112.074577
1418,33.471319,-111.845285
1419,33.760325,-111.981851
1420,33.389694,-111.877549
1421,33.504341,-112.14393
1422,33.224944,-111.734857
1423,33.289006,-111.981947
1424,33.791978,-111.801206
1425,33.779071,-112.080973
1426,33.202964,-112.239873
1427,33.771087,-111.895773
1428,33.583472,-112.295344
1429,33.720751,-112.014824
1430,33.472844,-112.184319
1431,33.509358,-111.923575
1432,33.493308,-111.712348
1433,33.600119,-112.021358
1434,33.283791,-111.809501
1435,33.217984,-111.995329
1436,33.384758,-112.002496
1437,33.622808,-111.741746
1438,33.321112,-111.76602
1439,33.604059,-111.82852
1440,33.781947,-112.122247
1441,33.25634,-111.972995
1442,33.603561,-112.165662
1443,33.46625,-112.03365
1444,33.720885,-112.009472
1445,33.30629,-111.801016
1446,33.615576,-111.762383
1447,33.702869,-112.051228
1448,33.766769,-112.289377
1449,33.609949,-111.782936
1450,33.498305,-112.195433
1451,33.570708,-111.926871
1452,33.721343,-112.285017
1453,33.542366,-112.060296
1454,33.218232,-111.708424
1455,33.758569,-112.239584
1456,33.613716,-112.045784
1457,33.605908,-112.11571
1458,33.329405,-111.756947
1459,33.595331,-111.778396
1460,33.436319,-112.157381
1461,33.59074,-112.251287
1462,33.263956,-111.923717
1463,33.594707,-112.098179
1464,33.799648,-111.896749
1465,33.228927,-112.280728
1466,33.786305,-112.21996
1467,33.444145,-111.888177
1468,33.722452,-112.172578
1469,33.669431,-111.785447
1470,33.54021,-112.264845
1471,33.64307,-112.170711
1472,33.727109,-111.700864
1473,33.442484,-112.040154
1474,33.39622,-111.878221
1475,33.600556,-112.190402
1476,33.684708,-111.934079
1477,33.657371,-111.864336
1478,33.678688,-112.111314
1479,33.46135,-111.802662
1480,33.690701,-111.937949
1481,33.272125,-112.066526
1482,33.526693,-111.965415
1483,33.203455,-111.953943
1484,33.394751,-112.200679
1485,33.419877,-112.058361
1486,33.437704,-112.093942
1487,33.61728,-112.059458
1488,33.433135,-111.843334
1489,33.469216,-112.010477
1490,33.342526,-111.73581
1491,33.423951,-112.123794
1492,33.336362,-112.050578
1493,33.243918,-111.827826
1494,33.562069,-111.972385
1495,33.600928,-111.971783
1496,33.571694,-112.267996
1497,33.478096,-112.06084
1498,33.427871,-112.13756
1499,33.718,-111.700399
1500,33.511449,-112.114987
1501,33.487509,-111.769302
1502,33.215385,-111.89426
1503,33.404749,-112.09545
1504,33.428117,-111.973879
1505,33.439294,-111.795678
1506,33.548103,-111.769979
1507,33.520162,-112.203764
1508,33.564743,-112.096256
1509,33.65893,-112.098866
1510,33.687791,-112.274773
1511,33.630874,-111.941057
1512,33.773314,-111.787108
1513,33.21094,-112.071055
1514,33.317467,-111.855978
1515,33.204538,-111.92338
1516,33.588485,-112.074611
1517,33.738818,-112.215364
1518,33.346089,-111.874406
1519,33.756221,-111.787261
1520,33.23616,-111.888487
1521,33.760662,-112.289273
1522,33.410974,-112.17026
1523,33.260852,-112.258312
1524,33.491523,-111.957768
1525,33.354066,-111.846113
1526,33.370924,-112.233652
1527,33.384374,-111.796997
1528,33.681816,-111.966695
1529,33.523497,-111.886019
1530,33.386785,-111.717159
1531,33.5662,-112.249791
1532,33.62969,-111.759266
1533,33.363574,-112.224338
1534,33.448129,-112.064225
1535,33.273132,-111.789137
1536,33.30869,-111.756247
1537,33.608671,-111.996177
1538,33.308863,-111.943537
1539,33.515098,-111.875112
1540,33.625428,-111.800345
1541,33.264126,-112.227093
1542,33.540387,-111.813958
1543,33.353938,-112.011234
1544,33.777756,-112.029626
1545,33.490127,-112.04566
1546,33.683596,-111.994473
1547,33.530136,-111.73297
1548,33.226048,-111.971078
1549,33.579891,-111.728093
1550,33.770842,-112.191826
1551,33.560967,-111.865518
1552,33.691513,-111.812656
1553,33.730524,-111.892523
1554,33.336848,-111.935847
1555,33.327227,-111.961112
1556,33.566589,-111.783442
1557,33.446617,-111.807012
1558,33.703917,-112.226627
1559,33.740014,-111.790847
1560,33.412053,-112.051559
1561,33.342122,-112.147782
1562,33.668315,-111.778139
1563,33.364884,-112.040785
1564,33.693569,-111.814981
1565,33.454243,-112.141958
1566,33.60053,-112.297642
1567,33.257321,-112.002724
1568,33.574316,-112.239863
1569,33.471061,-111.847374
1570,33.551965,-112.134355
1571,33.300809,-112.033813
1572,33.642124,-112.24778
1573,33.717678,-112.128004
1574,33.330044,-111.831106
1575,33.257429,-112.209047
1576,33.214183,-111.911704
1577,33.585183,-111.749544
1578,33.564256,-111.892098
1579,33.528018,-111.813387
1580,33.339168,-112.234617
1581,33.434544,-112.149561
1582,33.556686,-111.763277
1583,33.49806,-111.870937
1584,33.792671,-111.916268
1585,33.281864,-111.90174
1586,33.617087,-112.05148
1587,33.442591,-112.273266
1588,33.45692,-111.829335
1589,33.630559,-111.892772
1590,33.615462,-112.016317
1591,33.794754,-111.760144
1592,33.277037,-112.098304
1593,33.262466,-112.123407
1594,33.634603,-111.776322
1595,33.547032,-111.821807
1596,33.364496,-111.991012
1597,33.247652,-112.221559
1598,33.251395,-112.170957
1599,33.736515,-111.906263
1600,33.31512,-112.068975
1601,33.394023,-111.798116
1602,33.335994,-111.730027
1603,33.412998,-111.816618
1604,33.241654,-112.073473
1605,33.511436,-111.826788
1606,33.240568,-112.089135
1607,33.680214,-112.19974
1608,33.340227,-112.279964
1609,33.524007,-112.06857
1610,33.728047,-111.757864
1611,33.590526,-112.156608
1612,33.519775,-112.176092
1613,33.3946,-111.718108
1614,33.399801,-112.284998
1615,33.601692,-111.828531
1616,33.796484,-112.107178
1617,33.597104,-112.277507
1618,33.53467,-111.749318
1619,33.63839,-112.216215
1620,33.479123,-111.968932
1621,33.236085,-112.135567
1622,33.537378,-112.260884
1623,33.774575,-112.270047
1624,33.305182,-112.230666
1625,33.614003,-112.25718
1626,33.32056,-111.843665
1627,33.521497,-112.00866
1628,33.258006,-112.094265
1629,33.470223,-112.048979
1630,33.653698,-111.742632
1631,33.408543,-111.753549
1632,33.598947,-111.870594
1633,33.67727,-111.769191
1634,33.756307,-112.108211
1635,33.340785,-112.071334
1636,33.43959,-111.931773
1637,33.29145,-111.925824
1638,33.79549,-112.01098
1639,33.756201,-112.059605
1640,33.523974,-111.708292
1641,33.70522,-111.807326
1642,33.512575,-112.039012
1643,33.574151,-111.863625
1644,33.253475,-112.138263
1645,33.653162,-112.239898
1646,33.276628,-112.088541
1647,33.695641,-112.058216
1648,33.669217,-112.290078
1649,33.625247,-111.811125
1650,33.221696,-112.084484
1651,33.381877,-111.951749
1652,33.357868,-112.255622
1653,33.416082,-112.195002
1654,33.252586,-111.766184
1655,33.762175,-111.934787
1656,33.532281,-111.72983
1657,33.383315,-111.70075
1658,33.438189,-112.076884
1659,33.468322,-112.120718
1660,33.560357,-111.784986
1661,33.509408,-111.700833
1662,33.751635,-111.922215
1663,33.498178,-111.822916
1664,33.795295,-111.830952
1665,33.710855,-112.086796
1666,33.325106,-111.955438
1667,33.758357,-111.800166
1668,33.26982,-111.887132
1669,33.69047,-112.287302
1670,33.428374,-112.097977
1671,33.726785,-112.213315
1672,33.720834,-112.160217
1673,33.683555,-111.756706
1674,33.674018,-112.277864
1675,33.382807,-112.16812
1676,33.248552,-112.114258
1677,33.441788,-111.92987
1678,33.304115,-111.979539
1679,33.616971,-112.169038
1680,33.40766,-112.201455
1681,33.785366,-112.157921
1682,33.584583,-111.998482
1683,33.693488,-112.137293
1684,33.279515,-111.731438
1685,33.717209,-112.021681
1686,33.753654,-112.264722
1687,33.492237,-111.86244
1688,33.563752,-112.102693
1689,33.658886,-111.907907
1690,33.304903,-112.132243
1691,33.50154,-111.957554
1692,33.439198,-111.836708
1693,33.287824,-111.743195
1694,33.420521,-112.143324
1695,33.240903,-112.099086
1696,33.215487,-112.02144
1697,33.2811,-111.743695
1698,33.777869,-111.759168
1699,33.529718,-112.246073
1700,33.779493,-112.220842
1701,33.459499,-112.002694
1702,33.38709,-112.236028
1703,33.503685,-112.092651
1704,33.463707,-112.210969
1705,33.263399,-111.918376
1706,33.584496,-111.730303
1707,33.329623,-111.70196
1708,33.571753,-112.074855
1709,33.590121,-111.940592
1710,33.291215,-111.786239
1711,33.23681,-112.229523
1712,33.668457,-111.886261
1713,33.47588,-112.054694
1714,33.234898,-112.176312
1715,33.79692,-112.058348
1716,33.234668,-112.254424
1717,33.617021,-111.882756
1718,33.790207,-112.148354
1719,33.343508,-112.113157
1720,33.28535,-112.227351
1721,33.272831,-111.781205
1722,33.381965,-112.003933
1723,33.260627,-111.956712
1724,33.615297,-111.95834
1725,33.237375,-112.053704
1726,33.505653,-112.184482
1727,33.798018,-111.85292
1728,33.688382,-112.223766
1729,33.569132,-112.237676
1730,33.383752,-111.873913
1731,33.574338,-112.174698
1732,33.516225,-112.115936
1733,33.45565,-112.014864
1734,33.278426,-112.030389
1735,33.731963,-111.874853
1736,33.469871,-111.925941
1737,33.316774,-111.913362
1738,33.420656,-111.871567
1739,33.448478,-112.124432
1740,33.696523,-112.1066
1741,33.640169,-112.037201
1742,33.661583,-112.115523
1743,33.206619,-111.709037
1744,33.449692,-111.811569
1745,33.488806,-112.201207
1746,33.211515,-112.296644
1747,33.355888,-112.27433
1748,33.656174,-112.153562
1749,33.282266,-112.231425
1750,33.521186,-111.979997
1751,33.329121,-111.785203
1752,33.207272,-111.85795
1753,33.344721,-112.170635
1754,33.785524,-112.06042
1755,33.680922,-111.995263
1756,33.775746,-111.813876
1757,33.492712,-111.796527
1758,33.265842,-111.754169
1759,33.528776,-111.994453
1760,33.472626,-111.883435
1761,33.706614,-112.23292
1762,33.25885,-111.960827
1763,33.492945,-112.150785
1764,33.290029,-112.04097
1765,33.394806,-111.91957
1766,33.642414,-112.145808
1767,33.485611,-112.268689
1768,33.425533,-112.29386
1769,33.436686,-112.286704
1770,33.475668,-112.29499
1771,33.67101,-112.233787
1772,33.735251,-112.156307
1773,33.773201,-112.167267
1774,33.672142,-111.707922
1775,33.389244,-112.116396
1776,33.612881,-112.223548
1777,33.462562,-111.972662
1778,33.352802,-111.785226
1779,33.704523,-111.893164
1780,33.223056,-112.122351
1781,33.741057,-111.96303
1782,33.476886,-111.871086
1783,33.582321,-111.863137
1784,33.595612,-111.900077
1785,33.737071,-111.777514
1786,33.582002,-111.777937
1787,33.56836,-111.952638
1788,33.239991,-112.042086
1789,33.511045,-111.915058
1790,33.290101,-111.809073
1791,33.64246,-112.296609
1792,33.507333,-111.704802
1793,33.608137,-112.190264
1794,33.225004,-112.017851
1795,33.250875,-111.776782
1796,33.629794,-112.164976
1797,33.243251,-112.013923
1798,33.242754,-112.220451
1799,33.207265,-112.062954
1800,33.773901,-112.193719
1801,33.642505,-112.081823
1802,33.411951,-112.075921
1803,33.377921,-111.704098
1804,33.409822,-111.703112
1805,33.664792,-112.231128
1806,33.596822,-111.864419
1807,33.311117,-112.268953
1808,33.304466,-112.281885
1809,33.259037,-112.2368
1810,33.596182,-111.720709
1811,33.658624,-111.735482
1812,33.359028,-112.183643
1813,33.212567,-112.202997
1814,33.249303,-112.155679
1815,33.780716,-111.990672
1816,33.377267,-111.958177
1817,33.661534,-112.167044
1818,33.574798,-111.846026
1819,33.429164,-112.114268
1820,33.323412,-111.746721
1821,33.272832,-111.905966
1822,33.569008,-112.038189
1823,33.66478,-111.826053
1824,33.586343,-111.809251
1825,33.518181,-112.125711
1826,33.225171,-112.096171
1827,33.781093,-111.738427
1828,33.679229,-112.201155
1829,33.375693,-112.27471
1830,33.787982,-112.027567
1831,33.561129,-111.819274
1832,33.549454,-111.836999
1833,33.648844,-111.748282
1834,33.687062,-111.98008
1835,33.593887,-112.239961
1836,33.276857,-111.946787
1837,33.402961,-111.832963
1838,33.75685,-112.244003
1839,33.334769,-112.196406
1840,33.4233,-112.292626
1841,33.459246,-111.943808
1842,33.463643,-111.767959
1843,33.567764,-111.897602
1844,33.765846,-111.710776
1845,33.344416,-112.26218
1846,33.272901,-111.758199
1847,33.318482,-111.811559
1848,33.732155,-112.111455
1849,33.587486,-111.715884
1850,33.371544,-112.127237
1851,33.689568,-111.766417
1852,33.716822,-111.771551
1853,33.707909,-111.845405
1854,33.751356,-111.961918
1855,33.351345,-112.227998
1856,33.653025,-111.980817
1857,33.476324,-112.085922
1858,33.705199,-111.82467
1859,33.637094,-111.845122
1860,33.665868,-111.753632
1861,33.593697,-112.291102
1862,33.306457,-111.814538
1863,33.527016,-111.736923
1864,33.790802,-111.82642
1865,33.762433,-112.221883
1866,33.225904,-112.251233
1867,33.298889,-112.287493
1868,33.279037,-111.922753
1869,33.635588,-111.922196
1870,33.690671,-111.707852
1871,33.328107,-112.061174
1872,33.503512,-112.100856
1873,33.704422,-111.925345
1874,33.639681,-111.804635
1875,33.525342,-111.737936
1876,33.554209,-111.818126
1877,33.505016,-112.043996
1878,33.378529,-111.919051
1879,33.539013,-111.78622
1880,33.613331,-112.005634
1881,33.723994,-112.169988
1882,33.581775,-112.198166
1883,33.656673,-112.299905
1884,33.296043,-111.869057
1885,33.476934,-112.233342
1886,33.205599,-112.153697
1887,33.348007,-112.121274
1888,33.635877,-111.963772
1889,33.795086,-112.061226
1890,33.259507,-111.895196
1891,33.440897,-112.266617
1892,33.680043,-112.225636
1893,33.322421,-112.000473
1894,33.533051,-112.097821
1895,33.639843,-112.122512
1896,33.569591,-112.259783
1897,33.312815,-111.762568
1898,33.413231,-111.884909
1899,33.670275,-112.227029
1900,33.532536,-112.260972
1901,33.203138,-111.715076
1902,33.656594,-111.891296
1903,33.221187,-112.049526
1904,33.64744,-111.878961
1905,33.321488,-111.846201
1906,33.774844,-111.832023
1907,33.420764,-112.013274
1908,33.396159,-112.04207
1909,33.289333,-112.293383
1910,33.383363,-111.744066
1911,33.72599,-111.938015
1912,33.797801,-112.178108
1913,33.420986,-111.748238
1914,33.469166,-111.751041
1915,33.633243,-111.70649
1916,33.731717,-111.775566
1917,33.555827,-111.701329
1918,33.434915,-112.153188
1919,33.447573,-111.79465
1920,33.617371,-111.806183
1921,33.201931,-112.161436
1922,33.571754,-112.240937
1923,33.413296,-111.712348
1924,33.676518,-112.122385
1925,33.255794,-111.777465
1926,33.552921,-112.297524
1927,33.488584,-112.287385
1928,33.585395,-112.020477
1929,33.238912,-112.156771
1930,33.54799,-111.886095
1931,33.536891,-111.960661
1932,33.536396,-112.253509
1933,33.562093,-112.202423
1934,33.605881,-112.06717
1935,33.682993,-112.188638
1936,33.361892,-111.824667
1937,33.69503,-112.050358
1938,33.498953,-112.243941
1939,33.246235,-112.009394
1940,33.235131,-112.245497
1941,33.400543,-112.222638
1942,33.670938,-112.156234
1943,33.624609,-111.784283
1944,33.673169,-111.745232
1945,33.510361,-111.804245
1946,33.464119,-112.099554
1947,33.288472,-112.136532
1948,33.396916,-111.970507
1949,33.460412,-111.866888
1950,33.25316,-111.703976
1951,33.332367,-112.221058
1952,33.558935,-112.270425
1953,33.641398,-111.883386
1954,33.799009,-111.800665
1955,33.759868,-111.792191
1956,33.585539,-111.892922
1957,33.452749,-111.727591
1958,33.581706,-111.993397
1959,33.671391,-111.751711
1960,33.271002,-111.719313
1961,33.445943,-111.791706
1962,33.703881,-112.114145
1963,33.4303,-112.182271
1964,33.543123,-111.971128
1965,33.552662,-112.028191
1966,33.310686,-111.773345
1967,33.417341,-112.239981
1968,33.400707,-112.145356
1969,33.215718,-111.848921
1970,33.214515,-112.243008
1971,33.699018,-112.107541
1972,33.363842,-112.067707
1973,33.510847,-111.926444
1974,33.379235,-112.20512
1975,33.764408,-111.783637
1976,33.355578,-112.031475
1977,33.457794,-111.749787
1978,33.723638,-112.019278
1979,33.70516,-112.134976
1980,33.311661,-112.214903
1981,33.681586,-112.297753
1982,33.474912,-111.980706
1983,33.489781,-112.235706
1984,33.280088,-112.064963
1985,33.248361,-111.946437
1986,33.636764,-112.134588
1987,33.497877,-112.194865
1988,33.46211,-111.835167
1989,33.637705,-111.731925
1990,33.659308,-112.239736
1991,33.295345,-112.206646
1992,33.566135,-111.723992
1993,33.281212,-112.277329
1994,33.650825,-111.713421
1995,33.594173,-112.297213
1996,33.773969,-111.775799
1997,33.241375,-112.115605
1998,33.234233,-111.736847
1999,33.369312,-112.109833
2000,33.357023,-111.907416
2001,33.348187,-112.25198
2002,33.743753,-112.154602
2003,33.349728,-111.835792
2004,33.36317,-111.982788
2005,33.655639,-111.743219
2006,33.469844,-112.042749
2007,33.666026,-111.778113
2008,33.23922,-112.030627
2009,33.492543,-111.712451
2010,33.220168,-111.724099
2011,33.237592,-112.102518
2012,33.743862,-111.768446
2013,33.283547,-111.791433
2014,33.519452,-112.173592
2015,33.446657,-111.925426
2016,33.408406,-112.256391
2017,33.7399,-111.797974
2018,33.213094,-112.195272
2019,33.598274,-112.257511
2020,33.778037,-112.059869
2021,33.536101,-111.953847
2022,33.762093,-111.78705
2023,33.231355,-111.715454
2024,33.451276,-112.036304
2025,33.356095,-112.263732
2026,33.638493,-111.850531
2027,33.788778,-111.960896
2028,33.353918,-112.031265
2029,33.592505,-112.114439
2030,33.318859,-111.998561
2031,33.539198,-112.096792
2032,33.478359,-111.845793
2033,33.783203,-111.973664
2034,33.565116,-111.773891
2035,33.409704,-111.973874
2036,33.268457,-112.157043
2037,33.290748,-111.789345
2038,33.33519,-111.965669
2039,33.35058,-112.175895
2040,33.71037,-111.925895
2041,33.536734,-112.08537
2042,33.514035,-111.793357
2043,33.268861,-112.02802
2044,33.716084,-111.864135
2045,33.633689,-112.242678
2046,33.240601,-112.062385
2047,33.624701,-111.710055
2048,33.526123,-111.814924
2049,33.249035,-112.204036
2050,33.47498,-112.133342
2051,33.490818,-112.102111
2052,33.299465,-111.909781
2053,33.767419,-111.845803
2054,33.709985,-111.850284
2055,33.601413,-111.994076
2056,33.477377,-111.813508
2057,33.447059,-112.037753
2058,33.590584,-112.225672
2059,33.527259,-111.961335
2060,33.237364,-111.728619
2061,33.507502,-111.824204
2062,33.683842,-111.95278
2063,33.475544,-111.911917
2064,33.231174,-111.741663
2065,33.671767,-112.042994
2066,33.320818,-112.101164
2067,33.355173,-111.713655
2068,33.298824,-111.781934
2069,33.398129,-112.106174
2070,33.654051,-112.021732
2071,33.511632,-112.050953
2072,33.322929,-112.210543
2073,33.726698,-111.725308
2074,33.727749,-112.057413
2075,33.722347,-111.774803
2076,33.343278,-112.186386
2077,33.470744,-111.971278
2078,33.790994,-112.285623
2079,33.663207,-111.841468
2080,33.2163,-111.951452
2081,33.239123,-111.924646
2082,33.478359,-112.268967
2083,33.745532,-112.173377
2084,33.523221,-112.255401
2085,33.498688,-112.126651
2086,33.263284,-111.923537
2087,33.594068,-111.960288
2088,33.693262,-111.93271
2089,33.428252,-111.970449
2090,33.665367,-112.136183
2091,33.778686,-112.153296
2092,33.32226,-112.217764
2093,33.513998,-111.790557
2094,33.372283,-111.930112
2095,33.675713,-112.188093
2096,33.546556,-112.193674
2097,33.580749,-111.776179
2098,33.678748,-111.854361
2099,33.437582,-111.904361
2100,33.749054,-112.055882
2101,33.519817,-112.142815
2102,33.294773,-111.71233
2103,33.617539,-111.821656
2104,33.675957,-112.118932
2105,33.390057,-111.791461
2106,33.714308,-111.844641
2107,33.743686,-112.121752
2108,33.366143,-112.044068
2109,33.790113,-112.188428
2110,33.284427,-112.233369
2111,33.321209,-111.866343
2112,33.310535,-112.139493
2113,33.736394,-111.807964
2114,33.592576,-111.702635
2115,33.291263,-112.254028
2116,33.464194,-112.016179
2117,33.569179,-111.818762
2118,33.250078,-111.826629
2119,33.72945,-111.844002
2120,33.682162,-112.090603
2121,33.503124,-112.027688
2122,33.780276,-111.943019
2123,33.450657,-111.715636
2124,33.790466,-112.103472
2125,33.600752,-111.746114
2126,33.580803,-112.138386
2127,33.299573,-111.706555
2128,33.729157,-111.897842
2129,33.456494,-112.021893
2130,33.29734,-111.931966
2131,33.207565,-112.136481
2132,33.535853,-112.135496
2133,33.51644,-112.231867
2134,33.631612,-112.23157
2135,33.734155,-112.091397
2136,33.247644,-111.842287
2137,33.638898,-111.935217
2138,33.312447,-112.238449
2139,33.714906,-111.788658
2140,33.691438,-111.939179
2141,33.524476,-111.723487
2142,33.626146,-111.897889
2143,33.38861,-112.194895
2144,33.482701,-112.01573
2145,33.692982,-111.910901
2146,33.475559,-112.283041
2147,33.414679,-112.291054
2148,33.496527,-112.222358
2149,33.69695,-112.149001
2150,33.401125,-112.042271
2151,33.304257,-112.007536
2152,33.627208,-112.217183
2153,33.695587,-111.895965
2154,33.260382,-111.942317
2155,33.343924,-112.123322
2156,33.285183,-112.291804
2157,33.408765,-112.253411
2158,33.470211,-112.064983
2159,33.649296,-112.207615
2160,33.590689,-112.073908
2161,33.572557,-111.92309
2162,33.411425,-111.971658
2163,33.704869,-112.161294
2164,33.482772,-112.093707
2165,33.787463,-111.931581
2166,33.580485,-111.783487
2167,33.275759,-111.848072
2168,33.605707,-111.96796
2169,33.395062,-112.082624
2170,33.611796,-112.080969
2171,33.241785,-111.77235
2172,33.304929,-112.276454
2173,33.713442,-111.70721
2174,33.336308,-111.901375
2175,33.702225,-111.891317
2176,33.367566,-112.277201
2177,33.585729,-111.936682
2178,33.61649,-112.009133
2179,33.507593,-112.236533
2180,33.383186,-112.133247
2181,33.327587,-111.765811
2182,33.219914,-111.970007
2183,33.382368,-112.05195
2184,33.591898,-112.256391
2185,33.762983,-111.871527
2186,33.722723,-111.87829
2187,33.659639,-111.931574
2188,33.673068,-111.993842
2189,33.598991,-112.039729
2190,33.356172,-111.944037
2191,33.744317,-112.159963
2192,33.602439,-111.735245
2193,33.536264,-111.946723
2194,33.266594,-112.113285
2195,33.468233,-112.030192
2196,33.476215,-111.816589
2197,33.718738,-112.20303
2198,33.527989,-112.124299
2199,33.42824,-111.892295
2200,33.78608,-112.110706
2201,33.266432,-111.824499
2202,33.453529,-112.221728
2203,33.225215,-111.842388
2204,33.643942,-112.258989
2205,33.750846,-112.292444
2206,33.368022,-111.761066
2207,33.715005,-111.951196
2208,33.375331,-112.088904
2209,33.746462,-112.160443
2210,33.652377,-111.929869
2211,33.682944,-111.994599
2212,33.210804,-111.705041
2213,33.777686,-111.71007
2214,33.636003,-111.918985
2215,33.382851,-112.034278
2216,33.697637,-112.005315
2217,33.368913,-111.890513
2218,33.723652,-112.239055
2219,33.267548,-112.102989
2220,33.622212,-112.254837
2221,33.524419,-112.255984
2222,33.257921,-112.182496
2223,33.345136,-112.008848
2224,33.207442,-111.829135
2225,33.481261,-112.008702
2226,33.380759,-112.098714
2227,33.559014,-112.250588
2228,33.378343,-111.969823
2229,33.379951,-112.137239
2230,33.645916,-111.931039
2231,33.228886,-111.713687
2232,33.741737,-112.233211
2233,33.711358,-112.172725
2234,33.600683,-112.016143
2235,33.555933,-111.718832
2236,33.735381,-111.836914
2237,33.311198,-111.761062
2238,33.247381,-112.099771
2239,33.343706,-111.704777
2240,33.676747,-112.2383
2241,33.220802,-112.268216
2242,33.549684,-111.786638
2243,33.797263,-111.743641
2244,33.713418,-112.245649
2245,33.512867,-112.231944
2246,33.238185,-112.280096
2247,33.698824,-112.237295
2248,33.559387,-112.174348
2249,33.26896,-111.717954
2250,33.256314,-111.899284
2251,33.745776,-111.832868
2252,33.60152,-111.834316
2253,33.697572,-111.978956
2254,33.727387,-111.821507
2255,33.543063,-111.942515
2256,33.510468,-112.111272
2257,33.458256,-111.963334
2258,33.390168,-111.979895
2259,33.460758,-111.805928
2260,33.664328,-111.710964
2261,33.561154,-112.053374
2262,33.735514,-111.841966
2263,33.466028,-112.240142
2264,33.564254,-111.833901
2265,33.578785,-112.07715
2266,33.555018,-112.276366
2267,33.62158,-112.082052
2268,33.34246,-111.933614
2269,33.507418,-112.22845
2270,33.262535,-111.745579
2271,33.430707,-112.253397
2272,33.4926,-111.741996
2273,33.591335,-111.875717
2274,33.770319,-112.102173
2275,33.560391,-112.06555
2276,33.646156,-111.855514
2277,33.50376,-111.939117
2278,33.580462,-111.897014
2279,33.242559,-112.066501
2280,33.352635,-112.007312
2281,33.417112,-111.70608
2282,33.483496,-112.171646
2283,33.227389,-112.049286
2284,33.284014,-112.124906
2285,33.366089,-111.840933
2286,33.78292,-111.841592
2287,33.398808,-112.124533
2288,33.489225,-112.251166
2289,33.317659,-112.29314
2290,33.566468,-112.04353
2291,33.36841,-112.053797
2292,33.324196,-111.706966
2293,33.509944,-112.018119
2294,33.203303,-112.146149
2295,33.204598,-111.765262
2296,33.331441,-112.005359
2297,33.222033,-111.940495
2298,33.264815,-112.242599
2299,33.403316,-112.07025
2300,33.681551,-111.733466
2301,33.543229,-111.946297
2302,33.507601,-112.093299
2303,33.376093,-111.9246
2304,33.759052,-111.753753
2305,33.438209,-112.135606
2306,33.252256,-111.99693
2307,33.57024,-111.724786
2308,33.268303,-112.196562
2309,33.407134,-111.868202
2310,33.504447,-111.931311
2311,33.724534,-111.892195
2312,33.496128,-112.089268
2313,33.621355,-112.111672
2314,33.79569,-111.889474
2315,33.278893,-112.170674
2316,33.364839,-112.048207
2317,33.436746,-112.187095
2318,33.453097,-112.295017
2319,33.446613,-111.717966
2320,33.744567,-112.040978
2321,33.62842,-111.71839
2322,33.564743,-112.215806
2323,33.385624,-111.94758
2324,33.694274,-112.179416
2325,33.773036,-111.825956
2326,33.692719,-111.829778
2327,33.200939,-112.232436
2328,33.581841,-111.752761
2329,33.230681,-112.183222
2330,33.354564,-111.932214
2331,33.235715,-111.70862
2332,33.562277,-111.770562
2333,33.611954,-111.726062
2334,33.268693,-112.094441
2335,33.430303,-112.236655
2336,33.473742,-112.186992
2337,33.421432,-111.999703
2338,33.272615,-111.824062
2339,33.451369,-112.209908
2340,33.650707,-111.904161
2341,33.242605,-112.105853
2342,33.248108,-112.095279
2343,33.412863,-111.902849
2344,33.765035,-112.0198
2345,33.601144,-111.81278
2346,33.607202,-112.206449
2347,33.417152,-111.826031
2348,33.556196,-112.261459
2349,33.206079,-112.183568
2350,33.581658,-111.90631
2351,33.747972,-111.787045
2352,33.567544,-112.148392
2353,33.724219,-112.103685
2354,33.634384,-111.977728
2355,33.272335,-112.173056
2356,33.741472,-111.813306
2357,33.239866,-111.835818
2358,33.52038,-112.212825
2359,33.285282,-112.021702
2360,33.207024,-111.835103
2361,33.453221,-112.097602
2362,33.377024,-111.920136
2363,33.4916,-112.269872
2364,33.54632,-111.934787
2365,33.226243,-112.208408
2366,33.273802,-111.80165
2367,33.535185,-112.08673
2368,33.4059,-112.131068
2369,33.637504,-111.795467
2370,33.591375,-112.269914
2371,33.707363,-112.062035
2372,33.615496,-112.077998
2373,33.457959,-112.12912
2374,33.60378,-111.752947
2375,33.365229,-111.849443
2376,33.383788,-112.261646
2377,33.673391,-111.871188
2378,33.467852,-111.983621
2379,33.679028,-111.759479
2380,33.693453,-112.112233
2381,33.714537,-111.955503
2382,33.749981,-111.999547
2383,33.458591,-112.006263
2384,33.39132,-112.026337
2385,33.549319,-112.176622
2386,33.422703,-111.846574
2387,33.560645,-112.029198
2388,33.623352,-111.72489
2389,33.613043,-112.143515
2390,33.424732,-111.890354
2391,33.300116,-111.73557
2392,33.458318,-111.901925
2393,33.285556,-111.777236
2394,33.734058,-111.803511
2395,33.407526,-112.083929
2396,33.292676,-111.939926
2397,33.215269,-112.206243
2398,33.587493,-111.978684
2399,33.582141,-112.161747
2400,33.404362,-111.853758
2401,33.243027,-111.983165
2402,33.445777,-112.053264
2403,33.38673,-112.138722
2404,33.606272,-111.700781
2405,33.563468,-112.256974
2406,33.418756,-112.273864
2407,33.330736,-112.169646
2408,33.792822,-111.717357
2409,33.472401,-111.712457
2410,33.612965,-111.907043
2411,33.284332,-111.771936
2412,33.491354,-112.171623
2413,33.216522,-111.716775
2414,33.503273,-112.214329
2415,33.77841,-112.239325
2416,33.430524,-112.232673
2417,33.223398,-111.956123
2418,33.218573,-111.831415
2419,33.432792,-112.08
2420,33.296015,-111.713262
2421,33.214011,-112.039348
2422,33.653728,-112.209731
2423,33.475114,-112.02042
2424,33.373547,-111.892578
2425,33.74005,-111.800665
2426,33.269683,-112.024739
2427,33.773551,-111.943836
2428,33.38838,-112.139593
2429,33.733042,-111.91245
2430,33.561766,-111.708417
2431,33.696024,-112.270568
2432,33.790408,-111.768082
2433,33.373043,-111.96263
2434,33.776681,-112.148741
2435,33.433689,-111.727066
2436,33.431307,-112.009987
2437,33.404232,-112.100986
2438,33.524845,-112.191101
2439,33.292487,-112.153329
2440,33.532227,-111.800291
2441,33.525023,-111.931354
2442,33.657141,-111.752053
2443,33.70019,-112.160819
2444,33.464265,-112.227317
2445,33.3814,-112.296347
2446,33.355601,-111.995283
2447,33.316774,-111.701016
2448,33.234589,-111.883021
2449,33.405469,-112.114963
2450,33.362149,-111.773885
2451,33.77985,-111.830967
2452,33.534625,-112.290751
2453,33.408366,-111.809884
2454,33.548281,-112.119684
2455,33.283518,-112.210196
2456,33.466426,-112.164201
2457,33.575741,-112.018852
2458,33.493339,-112.045079
2459,33.441067,-112.126668
2460,33.796309,-112.196669
2461,33.728189,-111.842662
2462,33.574044,-111.705934
2463,33.541626,-111.833325
2464,33.572396,-112.122438
2465,33.320787,-112.153115
2466,33.437083,-112.1694
2467,33.223676,-112.217983
2468,33.485328,-111.969202
2469,33.525815,-111.93676
2470,33.33665,-111.876698
2471,33.778417,-111.891872
2472,33.745673,-112.1246
2473,33.633286,-112.101813
2474,33.520032,-111.891091
2475,33.721981,-112.090331
2476,33.278391,-112.172426
2477,33.674306,-112.075398
2478,33.274892,-112.13675
2479,33.676526,-112.247012
2480,33.365461,-111.801917
2481,33.726254,-111.788133
2482,33.766425,-112.16815
2483,33.289278,-112.261137
2484,33.477605,-111.856704
2485,33.788592,-112.173083
2486,33.490044,-112.063939
2487,33.718129,-112.261519
2488,33.553239,-112.164238
2489,33.425198,-111.824259
2490,33.37147,-111.817362
2491,33.321934,-112.175749
2492,33.657079,-112.098452
2493,33.431924,-112.219457
2494,33.506765,-112.255496
2495,33.495395,-111.704697
2496,33.546367,-111.906644
2497,33.719346,-111.974742
2498,33.788444,-111.840701
2499,33.444551,-111.795954
2500,33.696511,-111.815971
2501,33.658717,-112.290076
2502,33.544117,-112.187915
2503,33.773628,-111.907057
2504,33.320285,-112.074544
2505,33.265559,-111.71051
2506,33.712377,-111.900757
2507,33.46349,-111.726071
2508,33.708181,-112.179132
2509,33.735854,-111.781626
2510,33.237475,-112.107189
2511,33.730079,-111.706261
2512,33.468991,-112.205387
2513,33.506259,-111.990196
2514,33.575956,-111.824293
2515,33.75583,-112.040415
2516,33.21147,-112.01915
2517,33.486106,-111.708187
2518,33.612633,-112.044815
2519,33.633624,-111.937557
2520,33.615519,-112.267276
2521,33.280661,-111.794674
2522,33.379637,-111.911099
2523,33.415229,-112.057588
2524,33.682662,-112.290298
2525,33.367256,-111.944999
2526,33.326423,-112.292405
2527,33.774469,-112.299278
2528,33.205318,-111.930341
2529,33.798693,-112.18659
2530,33.606093,-112.184867
2531,33.697082,-111.908037
2532,33.376772,-112.267782
2533,33.208589,-112.111957
2534,33.642722,-112.210341
2535,33.700487,-111.951894
2536,33.644286,-111.902941
2537,33.28571,-111.867318
2538,33.652057,-112.146861
2539,33.661354,-112.24645
2540,33.595124,-112.25279
2541,33.65967,-112.044309
2542,33.707553,-111.732493
2543,33.568162,-112.169363
2544,33.253163,-112.145955
2545,33.492577,-112.239467
2546,33.24659,-111.936658
2547,33.444526,-111.892076
2548,33.444264,-111.914241
2549,33.239606,-111.783322
2550,33.409292,-112.008144
2551,33.266599,-112.219326
2552,33.684941,-112.126357
2553,33.768613,-111.902542
2554,33.24339,-111.932127
2555,33.773069,-111.981398
2556,33.513546,-111.890221
2557,33.379739,-111.917565
2558,33.246117,-111.771205
2559,33.500375,-111.94839
2560,33.676709,-111.832839
2561,33.624252,-112.150776
2562,33.230136,-111.89309
2563,33.243741,-111.758684
2564,33.441724,-112.068561
2565,33.377174,-111.832537
2566,33.339431,-111.865126
2567,33.368603,-112.264284
2568,33.68209,-111.951095
2569,33.757537,-112.221886
2570,33.443062,-111.719608
2571,33.743667,-111.813155
2572,33.392897,-112.234166
2573,33.485862,-112.226949
2574,33.335617,-111.943316
2575,33.584286,-112.093066
2576,33.787389,-112.279056
2577,33.562096,-111.975015
2578,33.414688,-112.067293
2579,33.58869,-112.239354
2580,33.273752,-111.818848
2581,33.733195,-111.750954
2582,33.50185,-111.846044
2583,33.46961,-111.806547
2584,33.551519,-112.170106
2585,33.57487,-112.141856
2586,33.243065,-112.174883
2587,33.60957,-111.840962
2588,33.345159,-111.73125
2589,33.628372,-111.869898
2590,33.693521,-111.77112
2591,33.682375,-111.916781
2592,33.531501,-112.067404
2593,33.512102,-112.044543
2594,33.285726,-112.254807
2595,33.665208,-112.281126
2596,33.362846,-111.882715
2597,33.498017,-112.036943
2598,33.370564,-111.968671
2599,33.280297,-111.965403
2600,33.577735,-112.133575
2601,33.232599,-112.014464
2602,33.649187,-112.017544
2603,33.390552,-112.066944
2604,33.200081,-111.807595
2605,33.506677,-112.029302
2606,33.228111,-111.937813
2607,33.365702,-111.762688
2608,33.624186,-111.78026
2609,33.237614,-111.765747
2610,33.703603,-112.137997
2611,33.202292,-112.279011
2612,33.348094,-112.14336
2613,33.644542,-112.132776
2614,33.389762,-111.754384
2615,33.261135,-111.910454
2616,33.41614,-112.250978
2617,33.362236,-112.218773
2618,33.705627,-112.206594
2619,33.388009,-111.921747
2620,33.673359,-111.858752
2621,33.735123,-111.784214
2622,33.46029,-111.735618
2623,33.745966,-112.178977
2624,33.426391,-112.114137
2625,33.778447,-112.155806
2626,33.253574,-112.084743
2627,33.612212,-111.751201
2628,33.496288,-111.954932
2629,33.432589,-111.857085
2630,33.579627,-112.005928
2631,33.622314,-112.282685
2632,33.202618,-112.261483
2633,33.300172,-111.977246
2634,33.627828,-111.868727
2635,33.599831,-112.170802
2636,33.779629,-111.866854
2637,33.656623,-111.813601
2638,33.770464,-112.052862
2639,33.621524,-111.852148
2640,33.378831,-112.057582
2641,33.263219,-111.89299
2642,33.669094,-111.841602
2643,33.58649,-111.704844
2644,33.228912,-112.092762
2645,33.41603,-112.053376
2646,33.77408,-112.200628
2647,33.500241,-112.177556
2648,33.459637,-111.883963
2649,33.47462,-111.749773
2650,33.32533,-112.063237
2651,33.421224,-112.192093
2652,33.421888,-112.12894
2653,33.231413,-112.026969
2654,33.660541,-112.12561
2655,33.449903,-112.159853
2656,33.693308,-111.858409
2657,33.710209,-112.295293
2658,33.327196,-111.976462
2659,33.594412,-111.82374
2660,33.483369,-112.140263
2661,33.728094,-111.938025
2662,33.329444,-111.89866
2663,33.606688,-111.906985
2664,33.564651,-112.03249
2665,33.377181,-112.092053
2666,33.281961,-111.798446
2667,33.590984,-111.844932
2668,33.643158,-112.107247
2669,33.389376,-112.238188
2670,33.5869,-112.256915
2671,33.437079,-112.243434
2672,33.627924,-111.950278
2673,33.319529,-112.269003
2674,33.734129,-112.097844
2675,33.372446,-111.84808
2676,33.420672,-112.123391
2677,33.234855,-111.842015
2678,33.266907,-111.85272
2679,33.509517,-112.152504
2680,33.360556,-111.862707
2681,33.701288,-111.851334
2682,33.208816,-112.061528
2683,33.427456,-112.173748
2684,33.402407,-111.987238
2685,33.211597,-111.747161
2686,33.274621,-111.91623
2687,33.448186,-112.196247
2688,33.495719,-111.890346
2689,33.442574,-112.043678
2690,33.518563,-111.945083
2691,33.557079,-111.859562
2692,33.205954,-111.991032
2693,33.478457,-111.81161
2694,33.7781,-111.866707
2695,33.511419,-111.930956
2696,33.606525,-112.209524
2697,33.387118,-111.798431
2698,33.664395,-111.738457
2699,33.663753,-112.217821
2700,33.512778,-112.007055
2701,33.785608,-112.144667
2702,33.27533,-111.847286
2703,33.210169,-111.867022
2704,33.662095,-112.215469
2705,33.684293,-111.773784
2706,33.272124,-112.191416
2707,33.35935,-111.821645
2708,33.210531,-112.025812
2709,33.375985,-112.103037
2710,33.663885,-112.205056
2711,33.510776,-112.199431
2712,33.408857,-111.902866
2713,33.423044,-111.969742
2714,33.200812,-112.226749
2715,33.37988,-112.232381
2716,33.587875,-112.256614
2717,33.784517,-111.85374
2718,33.708236,-111.872871
2719,33.214157,-112.264941
2720,33.739136,-111.963838
2721,33.669919,-112.249194
2722,33.668226,-111.757753
2723,33.474797,-111.75573
2724,33.438803,-111.88106
2725,33.381749,-111.744287
2726,33.239417,-111.813128
2727,33.336941,-111.802877
2728,33.347962,-111.958175
2729,33.490446,-112.116364
2730,33.648467,-112.169321
2731,33.484286,-112.10368
2732,33.234707,-111.922903
2733,33.774674,-112.196406
2734,33.765635,-112.144816
2735,33.671114,-112.019163
2736,33.794797,-112.16017
2737,33.526689,-111.946814
2738,33.777661,-111.746094
2739,33.245363,-111.851146
2740,33.419408,-111.900144
2741,33.335229,-111.950367
2742,33.3175,-112.007231
2743,33.284482,-112.188062
2744,33.573448,-111.763174
2745,33.668793,-112.150878
2746,33.546979,-112.245215
2747,33.288178,-111.849991
2748,33.686674,-112.194631
2749,33.581573,-112.076862
2750,33.432899,-112.283029
2751,33.604478,-112.217759
2752,33.355943,-112.196078
2753,33.407115,-112.267354
2754,33.750492,-111.906006
2755,33.374303,-111.797795
2756,33.481993,-112.076011
2757,33.734085,-111.775254
2758,33.624633,-112.171992
2759,33.237322,-112.104766
2760,33.288382,-112.209558
2761,33.204705,-111.927664
2762,33.578553,-112.048078
2763,33.468604,-111.93203
2764,33.280565,-111.842995
2765,33.77476,-111.972578
2766,33.517796,-111.923422
2767,33.345136,-111.73885
2768,33.500362,-112.120561
2769,33.607772,-112.084502
2770,33.245744,-111.869378
2771,33.364822,-111.933217
2772,33.684179,-112.19288
2773,33.475799,-112.074312
2774,33.527946,-112.019297
2775,33.45969,-112.048366
2776,33.22634,-112.193035
2777,33.29945,-111.745342
2778,33.467325,-111.842609
2779,33.325511,-112.011187
2780,33.229987,-111.891963
2781,33.70619,-111.76163
2782,33.788716,-112.218296
2783,33.675886,-112.149776
2784,33.712271,-111.974379
2785,33.345186,-111.820594
2786,33.776376,-112.278247
2787,33.318155,-111.709589
2788,33.770858,-112.027056
2789,33.796892,-112.084461
2790,33.627034,-112.124365
2791,33.788686,-112.195386
2792,33.541724,-111.825056
2793,33.355725,-111.726752
2794,33.462198,-112.051813
2795,33.556137,-111.728548
2796,33.243849,-111.805721
2797,33.573406,-112.011369
2798,33.788707,-111.895584
2799,33.314065,-112.039009
2800,33.675557,-111.964766
2801,33.744739,-112.265172
2802,33.766221,-111.882242
2803,33.776081,-112.268305
2804,33.512876,-111.809749
2805,33.786385,-111.805032
2806,33.654386,-112.157754
2807,33.297003,-112.105802
2808,33.48614,-112.011214
2809,33.630999,-111.942002
2810,33.348404,-112.127588
2811,33.584369,-111.944508
2812,33.59996,-112.121328
2813,33.29762,-112.266706
2814,33.539051,-112.298483
2815,33.662976,-112.239309
2816,33.499337,-111.82465
2817,33.207262,-111.723141
2818,33.205423,-112.04382
2819,33.414218,-111.99239
2820,33.755716,-112.211891
2821,33.337206,-111.969381
2822,33.580618,-112.213207
2823,33.333246,-111.933271
2824,33.393002,-111.740045
2825,33.708825,-112.182581
2826,33.637317,-111.841262
2827,33.25724,-112.285899
2828,33.457221,-112.074702
2829,33.217502,-112.233551
2830,33.488534,-112.088515
2831,33.59746,-112.195878
2832,33.271102,-112.076017
2833,33.373331,-112.049486
2834,33.438702,-112.119645
2835,33.751719,-111.906027
2836,33.795953,-111.748689
2837,33.226947,-112.059643
2838,33.656605,-112.184594
2839,33.423034,-112.137566
2840,33.435475,-111.7876
2841,33.652559,-111.957016
2842,33.751056,-112.026993
2843,33.770557,-112.210218
2844,33.546274,-112.030164
2845,33.414273,-112.132905
2846,33.672529,-111.734102
2847,33.350601,-111.769558
2848,33.538444,-112.249658
2849,33.415147,-111.990008
2850,33.593979,-112.164965
2851,33.344239,-112.053534
2852,33.314956,-111.773891
2853,33.750943,-111.983491
2854,33.261082,-112.099471
2855,33.503575,-112.175267
2856,33.332512,-111.819805
2857,33.223358,-111.925289
2858,33.221611,-112.019161
2859,33.305133,-112.169509
2860,33.720062,-112.099452
2861,33.369487,-111.724094
2862,33.770276,-111.987946
2863,33.548973,-112.05958
2864,33.461969,-111.987147
2865,33.548053,-111.832607
2866,33.510019,-112.095935
2867,33.655266,-112.192776
2868,33.369498,-111.949038
2869,33.41183,-111.900878
2870,33.736457,-111.872369
2871,33.767874,-111.770807
2872,33.735535,-112.077296
2873,33.451669,-112.254787
2874,33.668219,-111.724991
2875,33.485801,-112.038993
2876,33.498524,-111.926045
2877,33.322808,-111.900217
2878,33.554678,-111.972092
2879,33.311682,-112.176845
2880,33.398939,-111.846914
2881,33.713018,-111.817749
2882,33.324245,-111.968215
2883,33.242695,-112.006863
2884,33.241405,-112.231637
2885,33.764471,-112.249629
2886,33.504152,-112.096261
2887,33.445647,-112.113492
2888,33.686527,-111.727806
2889,33.701496,-111.829826
2890,33.399315,-111.904045
2891,33.616171,-111.989411
2892,33.662674,-112.199579
2893,33.59279,-111.712926
2894,33.290957,-112.074976
2895,33.72553,-112.235845
2896,33.523457,-112.003721
2897,33.369483,-111.775601
2898,33.455137,-111.767625
2899,33.222543,-112.29342
2900,33.27672,-111.768223
2901,33.659328,-112.137109
2902,33.200007,-112.276617
2903,33.449939,-111.791326
2904,33.513506,-111.78168
2905,33.232781,-111.942261
2906,33.783847,-111.95534
2907,33.335675,-111.812128
2908,33.382519,-111.828214
2909,33.382366,-111.765937
2910,33.33825,-111.968352
2911,33.200884,-111.719412
2912,33.637607,-111.702312
2913,33.780107,-112.230073
2914,33.334576,-111.790274
2915,33.597828,-112.000107
2916,33.645138,-112.06746
2917,33.709055,-111.932157
2918,33.453578,-112.266421
2919,33.381759,-111.996123
2920,33.395177,-111.777466
2921,33.627573,-112.171923
2922,33.690068,-112.044166
2923,33.308968,-111.736311
2924,33.422565,-112.042862
2925,33.741164,-112.084979
2926,33.684016,-112.035678
2927,33.790915,-111.988328
2928,33.652549,-111.920805
2929,33.435917,-111.819584
2930,33.554383,-112.028739
2931,33.596609,-111.809511
2932,33.247073,-111.979768
2933,33.526698,-112.096912
2934,33.625592,-111.90523
2935,33.300393,-111.869367
2936,33.668379,-111.965171
2937,33.550264,-112.266031
2938,33.771333,-112.19807
2939,33.225453,-112.128821
2940,33.359196,-112.130425
2941,33.560932,-111.895948
2942,33.377936,-112.288991
2943,33.628654,-111.846591
2944,33.655403,-112.140795
2945,33.26151,-112.113987
2946,33.508313,-111.983254
2947,33.505334,-112.170445
2948,33.421568,-111.769317
2949,33.759755,-112.248779
2950,33.696504,-112.033371
2951,33.618326,-111.790347
2952,33.628596,-111.930494
2953,33.47703,-112.124602
2954,33.752597,-112.047544
2955,33.616757,-111.875983
2956,33.637389,-111.716044
2957,33.717015,-111.764117
2958,33.364443,-112.09454
2959,33.684243,-111.701081
2960,33.317144,-112.297897
2961,33.407205,-112.283422
2962,33.401366,-111.805696
2963,33.787115,-112.180322
2964,33.713922,-112.263538
2965,33.620702,-112.157711
2966,33.636234,-112.04434
2967,33.537244,-111.86166
2968,33.768254,-111.925399
2969,33.497755,-112.157427
2970,33.428311,-111.998038
2971,33.297821,-111.744272
2972,33.671723,-111.810995
2973,33.640666,-112.106086
2974,33.430613,-111.710641
2975,33.215116,-111.874828
2976,33.703398,-112.26253
2977,33.206851,-112.278904
2978,33.62222,-112.198955
2979,33.782154,-111.863286
2980,33.462597,-112.189757
2981,33.340984,-111.993108
2982,33.622923,-112.244044
2983,33.690277,-111.747468
2984,33.527858,-112.093624
2985,33.780221,-111.755121
2986,33.231001,-111.733075
2987,33.502877,-112.296323
2988,33.631072,-112.021519
2989,33.717584,-112.285206
2990,33.307553,-111.754784
2991,33.680002,-111.988955
2992,33.531624,-112.255034
2993,33.437932,-112.233834
2994,33.279029,-112.069895
2995,33.719177,-111.735859
2996,33.294364,-111.884255
2997,33.385873,-111.779429
2998,33.374027,-112.080126
2999,33.722848,-112.274072
3000,33.603622,-111.715409
3001,33.678009,-112.289696
3002,33.350281,-111.731409
3003,33.574924,-112.078794
3004,33.543048,-112.293946
3005,33.699698,-111.886506
3006,33.743652,-111.711676
3007,33.207294,-111.720625
3008,33.604412,-112.203438
3009,33.231101,-112.191251
3010,33.529315,-111.960677
3011,33.37258,-111.917617
3012,33.384066,-111.856349
3013,33.411775,-112.19137
3014,33.572775,-111.724596
3015,33.40043,-111.916756
3016,33.639619,-111.791772
3017,33.442716,-111.975961
3018,33.241012,-112.051434
3019,33.670256,-111.71369
3020,33.371455,-111.950727
3021,33.45966,-111.779876
3022,33.611266,-111.728025
3023,33.399474,-111.894787
3024,33.233951,-111.970637
3025,33.424353,-112.297893
3026,33.766669,-112.275988
3027,33.585041,-112.179489
3028,33.602887,-112.188395
3029,33.579369,-112.147145
3030,33.319395,-112.117039
3031,33.451,-112.083961
3032,33.650564,-112.047677
3033,33.260824,-112.24068
3034,33.366712,-112.274583
3035,33.365791,-111.895633
3036,33.459211,-111.977599
3037,33.788221,-112.033513
3038,33.240502,-111.919336
3039,33.511221,-111.803392
3040,33.307619,-112.043384
3041,33.782406,-111.915328
3042,33.267982,-111.727857
3043,33.442161,-111.796225
3044,33.642731,-112.0444
3045,33.622733,-111.91317
3046,33.453637,-112.193757
3047,33.407915,-111.963687
3048,33.438567,-111.711203
3049,33.358566,-111.989011
3050,33.3232,-111.743417
3051,33.489824,-112.055599
3052,33.36112,-111.700693
3053,33.372477,-111.952468
3054,33.594054,-112.274639
3055,33.781122,-111.947947
3056,33.562182,-112.135256
3057,33.246188,-112.280511
3058,33.24535,-111.807488
3059,33.770854,-112.134562
3060,33.378374,-111.822071
3061,33.25524,-112.127069
3062,33.559427,-112.183404
3063,33.574189,-111.715639
3064,33.589103,-112.083013
3065,33.360441,-111.939174
3066,33.209066,-111.934011
3067,33.779009,-111.963716
3068,33.350536,-111.751183
3069,33.605616,-111.895335
3070,33.623978,-112.05776
3071,33.566004,-111.782572
3072,33.387744,-112.191362
3073,33.362658,-111.973458
3074,33.558601,-111.72967
3075,33.719657,-111.924761
3076,33.76804,-111.809819
3077,33.263543,-111.907864
3078,33.292897,-111.796377
3079,33.766842,-111.733307
3080,33.641921,-112.136247
3081,33.729796,-112.198203
3082,33.32158,-112.009606
3083,33.552552,-111.878883
3084,33.620684,-112.163685
3085,33.608067,-112.297539
3086,33.444891,-112.094239
3087,33.209237,-111.718684
3088,33.549756,-111.88302
3089,33.351861,-112.059205
3090,33.470153,-112.184454
3091,33.774549,-112.086346
3092,33.439421,-112.198096
3093,33.703881,-112.236217
3094,33.313124,-111.755955
3095,33.603476,-111.70141
3096,33.786204,-112.201531
3097,33.261136,-112.267286
3098,33.204992,-112.102161
3099,33.46015,-112.023004
3100,33.255575,-112.177107
3101,33.649031,-112.119145
3102,33.748729,-112.179478
3103,33.460413,-111.835444
3104,33.355227,-111.872453
3105,33.460642,-111.919029
3106,33.634069,-112.067669
3107,33.205432,-111.754575
3108,33.553672,-111.71828
3109,33.567975,-112.195816
3110,33.582613,-112.166192
3111,33.345213,-111.984621
3112,33.628432,-112.24525
3113,33.254835,-112.038131
3114,33.319562,-111.950925
3115,33.726482,-111.986756
3116,33.643234,-112.101455
3117,33.208247,-111.974533
3118,33.349026,-111.724719
3119,33.328644,-112.17639
3120,33.362484,-111.907101
3121,33.348536,-112.273962
3122,33.237516,-112.26015
3123,33.475364,-111.968903
3124,33.63964,-112.237036
3125,33.564039,-112.286592
3126,33.603723,-112.197092
3127,33.24869,-111.96109
3128,33.770894,-111.877995
3129,33.703095,-112.178513
3130,33.683054,-111.899044
3131,33.69379,-112.190514
3132,33.759626,-111.931926
3133,33.526552,-112.052824
3134,33.320169,-111.90772
3135,33.57007,-111.702968
3136,33.645729,-111.73731
3137,33.64275,-112.297431
3138,33.512869,-111.768737
3139,33.241075,-112.260106
3140,33.422668,-111.728172
3141,33.75246,-112.130905
3142,33.550669,-112.070779
3143,33.522999,-112.245017
3144,33.361312,-112.232636
3145,33.421069,-111.863956
3146,33.737208,-111.733401
3147,33.599878,-111.933551
3148,33.672432,-111.87049
3149,33.472607,-111.842818
3150,33.578148,-112.142311
3151,33.34903,-112.272862
3152,33.623276,-112.298876
3153,33.456561,-112.08961
3154,33.465527,-112.155121
3155,33.589593,-112.262609
3156,33.761768,-112.192283
3157,33.238404,-112.225301
3158,33.694846,-111.751073
3159,33.37543,-112.21584
3160,33.466352,-111.977411
3161,33.213148,-111.944136
3162,33.380628,-111.973906
3163,33.501579,-112.240566
3164,33.233706,-112.108721
3165,33.494657,-112.269238
3166,33.756266,-112.062598
3167,33.263236,-112.186841
3168,33.658664,-111.96302
3169,33.445803,-111.884315
3170,33.593104,-111.980728
3171,33.356142,-112.039458
3172,33.295695,-112.0676
3173,33.296278,-111.794985
3174,33.242295,-112.168379
3175,33.311388,-111.859469
3176,33.598532,-111.845511
3177,33.729014,-112.04848
3178,33.688475,-112.12162
3179,33.611081,-112.017675
3180,33.266259,-112.244072
3181,33.373512,-112.272442
3182,33.385884,-112.233038
3183,33.349974,-112.187713
3184,33.509003,-111.997494
3185,33.521332,-111.790518
3186,33.414132,-112.158615
3187,33.412273,-111.738903
3188,33.697133,-111.727055
3189,33.673576,-111.724657
3190,33.384677,-111.797462
3191,33.748273,-112.081705
3192,33.771689,-112.25639
3193,33.396046,-111.958709
3194,33.412655,-111.964791
3195,33.50338,-111.790015
3196,33.764672,-111.702405
3197,33.725792,-111.995106
3198,33.261541,-112.092878
3199,33.435638,-112.188459
3200,33.532023,-112.29712
3201,33.501879,-111.994532
3202,33.316318,-111.966689
3203,33.71529,-111.805037
3204,33.606164,-111.997254
3205,33.702745,-111.750119
3206,33.715259,-111.92315
3207,33.649014,-111.795798
3208,33.463526,-112.211019
3209,33.566328,-111.786798
3210,33.296219,-111.894914
3211,33.604187,-112.19786
3212,33.307552,-112.186142
3213,33.61637,-111.7441
3214,33.337759,-112.280671
3215,33.270531,-112.022479
3216,33.299171,-112.111915
3217,33.201195,-111.900954
3218,33.631244,-111.796222
3219,33.639441,-112.083773
3220,33.50896,-112.043859
3221,33.296818,-111.710849
3222,33.250133,-111.82965
3223,33.211477,-111.761678
3224,33.299449,-112.036743
3225,33.734513,-112.159554
3226,33.344922,-112.052882
3227,33.412563,-111.870345
3228,33.263207,-112.234342
3229,33.333417,-112.137719
3230,33.511535,-112.272018
3231,33.564652,-112.040591
3232,33.347211,-111.803533
3233,33.234639,-112.285202
3234,33.43462,-111.894806
3235,33.340522,-111.740502
3236,33.331732,-112.157843
3237,33.775918,-111.883819
3238,33.56978,-111.714939
3239,33.534127,-111.722633
3240,33.449465,-112.159042
3241,33.457367,-112.239801
3242,33.524543,-112.21103
3243,33.617858,-111.878779
3244,33.621288,-111.864545
3245,33.303016,-111.895458
3246,33.500068,-112.098353
3247,33.447175,-112.198134
3248,33.722316,-111.951543
3249,33.578851,-112.009792
3250,33.519502,-111.8627
3251,33.269237,-112.035184
3252,33.563383,-112.096816
3253,33.270322,-112.123913
3254,33.402324,-112.173118
3255,33.285705,-112.140552
3256,33.615244,-112.243102
3257,33.323751,-112.091886
3258,33.435116,-112.278058
3259,33.737405,-112.188152
3260,33.32259,-111.851938
3261,33.504683,-112.104719
3262,33.451563,-111.899058
3263,33.210874,-111.869869
3264,33.675655,-111.951289
3265,33.241428,-111.724781
3266,33.484553,-112.287136
3267,33.536407,-111.856808
3268,33.577056,-111.724728
3269,33.613179,-111.782637
3270,33.351963,-112.199264
3271,33.205987,-112.103908
3272,33.634066,-112.196529
3273,33.521394,-111.939215
3274,33.701671,-111.872687
3275,33.692833,-112.109756
3276,33.705996,-111.976296
3277,33.491057,-111.885448
3278,33.400177,-112.047196
3279,33.674935,-111.787591
3280,33.470776,-111.83707
3281,33.310065,-112.261201
3282,33.712984,-111.927325
3283,33.729536,-112.158805
3284,33.479786,-111.965489
3285,33.24542,-111.725867
3286,33.432696,-111.772563
3287,33.682123,-112.05729
3288,33.741064,-112.125092
3289,33.322084,-112.159357
3290,33.240184,-111.980491
3291,33.72641,-112.231451
3292,33.433643,-111.970435
3293,33.525057,-112.2992
3294,33.780839,-112.10569
3295,33.239939,-112.168039
3296,33.588991,-111.717269
3297,33.244463,-111.863655
3298,33.425281,-112.090208
3299,33.682289,-112.244293
3300,33.460083,-111.98992
3301,33.798309,-112.171931
3302,33.535436,-111.978142
3303,33.392697,-111.798783
3304,33.332067,-111.930524
3305,33.410312,-111.919727
3306,33.42352,-111.975382
3307,33.241228,-111.743641
3308,33.421745,-111.740858
3309,33.478543,-111.992366
3310,33.633643,-112.116544
3311,33.594038,-112.024248
3312,33.625259,-112.188065
3313,33.205018,-111.918193
3314,33.3306,-111.999945
3315,33.597011,-112.23802
3316,33.490394,-112.181411
3317,33.203188,-112.012221
3318,33.682697,-111.767447
3319,33.663686,-111.960166
3320,33.529051,-111.891079
3321,33.239878,-112.096583
3322,33.659909,-111.957153
3323,33.550228,-112.031572
3324,33.669176,-111.904522
3325,33.651048,-112.269655
3326,33.681801,-112.00402
3327,33.510805,-112.122404
3328,33.284195,-112.104289
3329,33.602694,-111.72345
3330,33.572284,-112.190383
3331,33.645352,-112.113253
3332,33.301929,-111.994064
3333,33.316985,-111.782184
3334,33.734246,-112.049998
3335,33.649987,-111.853681
3336,33.744937,-111.786176
3337,33.655229,-112.11399
3338,33.558293,-112.06435
3339,33.59248,-112.086066
3340,33.733477,-111.800287
3341,33.547284,-112.273392
3342,33.579435,-112.114947
3343,33.293886,-111.892355
3344,33.484353,-111.960734
3345,33.629838,-112.038226
3346,33.362566,-111.976031
3347,33.321353,-112.181449
3348,33.388296,-112.04157
3349,33.3449,-111.998978
3350,33.328948,-111.759287
3351,33.454911,-112.143499
3352,33.744703,-111.779303
3353,33.504236,-111.913455
3354,33.312752,-112.287796
3355,33.246183,-111.865221
3356,33.617694,-112.278669
3357,33.429679,-111.701571
3358,33.693099,-111.776418
3359,33.595706,-112.121594
3360,33.677745,-112.145553
3361,33.363168,-112.071135
3362,33.615415,-112.0863
3363,33.358437,-112.076597
3364,33.763441,-112.109034
3365,33.581825,-111.92732
3366,33.394707,-112.201442
3367,33.361707,-111.792411
3368,33.314556,-111.812559
3369,33.616785,-112.01411
3370,33.331229,-111.788362
3371,33.557182,-112.151713
3372,33.358781,-112.289461
3373,33.597181,-111.928475
3374,33.688964,-112.025254
3375,33.666815,-111.959701
3376,33.656511,-111.760396
3377,33.312633,-111.718045
3378,33.253031,-111.919328
3379,33.619369,-111.841567
3380,33.421008,-112.249715
3381,33.459408,-112.203571
3382,33.218689,-111.860077
3383,33.355746,-112.041181
3384,33.220206,-112.032421
3385,33.727511,-112.114835
3386,33.346038,-111.935586
3387,33.534402,-112.188901
3388,33.223388,-111.92385
3389,33.600108,-112.195721
3390,33.393816,-112.261704
3391,33.738752,-112.101785
3392,33.732871,-112.161316
3393,33.395174,-111.766605
3394,33.740577,-112.267028
3395,33.797695,-112.194032
3396,33.695249,-111.970768
3397,33.706923,-112.01136
3398,33.349405,-112.272489
3399,33.546021,-112.295649
3400,33.240354,-111.707159
3401,33.256951,-111.904699
3402,33.799336,-112.080756
3403,33.395984,-112.017741
3404,33.64891,-112.14007
3405,33.683999,-112.093076
3406,33.714814,-111.910573
3407,33.798577,-111.770313
3408,33.344898,-112.189522
3409,33.22421,-111.795783
3410,33.446715,-112.227066
3411,33.278048,-112.171005
3412,33.213456,-112.277695
3413,33.416256,-112.215513
3414,33.670243,-111.749618
3415,33.539708,-112.024337
3416,33.387667,-112.2534
3417,33.592605,-111.724164
3418,33.339211,-111.772605
3419,33.208629,-111.84719
3420,33.658612,-111.739916
3421,33.574246,-112.167922
3422,33.657382,-111.798178
3423,33.223363,-111.886005
3424,33.702272,-111.778144
3425,33.571716,-111.821853
3426,33.538037,-112.092103
3427,33.574768,-111.835361
3428,33.71866,-112.142526
3429,33.552162,-112.102845
3430,33.54857,-112.235257
3431,33.794407,-111.738954
3432,33.654038,-112.125398
3433,33.465376,-111.987627
3434,33.624438,-112.0652
3435,33.433538,-111.724043
3436,33.337325,-112.09897
3437,33.558111,-111.832873
3438,33.756909,-111.78675
3439,33.757484,-112.038636
3440,33.405143,-112.073097
3441,33.516606,-111.851353
3442,33.326982,-111.752262
3443,33.797379,-111.847041
3444,33.788671,-112.163724
3445,33.589705,-111.767015
3446,33.682648,-112.067451
3447,33.62906,-111.954262
3448,33.555895,-111.801139
3449,33.232009,-112.186963
3450,33.472859,-111.829294
3451,33.604872,-111.942302
3452,33.606519,-111.763995
3453,33.423874,-112.196818
3454,33.765015,-112.047591
3455,33.300414,-111.800294
3456,33.500216,-112.288461
3457,33.61453,-112.232679
3458,33.618281,-111.705661
3459,33.589183,-112.131763
3460,33.365173,-111.714674
3461,33.293724,-112.190481
3462,33.581564,-112.083343
3463,33.559581,-111.848278
3464,33.307614,-111.905333
3465,33.623083,-111.951327
3466,33.473103,-111.98206
3467,33.600656,-111.793936
3468,33.70242,-112.159031
3469,33.301837,-112.034517
3470,33.211487,-112.206729
3471,33.667462,-111.942435
3472,33.565818,-112.149673
3473,33.619784,-112.099695
3474,33.702893,-112.01725
3475,33.681687,-112.283938
3476,33.776552,-112.244837
3477,33.521561,-111.888442
3478,33.493097,-112.042618
3479,33.441132,-111.781126
3480,33.292215,-111.883197
3481,33.543564,-112.295139
3482,33.366208,-111.929973
3483,33.752785,-112.243765
3484,33.549914,-111.83144
3485,33.555704,-111.705095
3486,33.412955,-111.981281
3487,33.231194,-111.890332
3488,33.219046,-112.157612
3489,33.454001,-112.037441
3490,33.250739,-111.786343
3491,33.564108,-112.199546
3492,33.728584,-112.140679
3493,33.729749,-112.03274
3494,33.595427,-111.872651
3495,33.326739,-112.07447
3496,33.717798,-111.743361
3497,33.731656,-112.243326
3498,33.317992,-112.077517
3499,33.642456,-111.874628
3500,33.371912,-112.164408
3501,33.681584,-111.906152
3502,33.798343,-112.20147
3503,33.218016,-112.266412
3504,33.73842,-112.227391
3505,33.573578,-111.742009
3506,33.78403,-111.968949
3507,33.479006,-111.822193
3508,33.708433,-112.100407
3509,33.237436,-111.944405
3510,33.401167,-112.003029
3511,33.24021,-111.732557
3512,33.785206,-111.851455
3513,33.690184,-111.861674
3514,33.711528,-112.272188
3515,33.762779,-111.970198
3516,33.251062,-112.019805
3517,33.431359,-111.743295
3518,33.242621,-112.145595
3519,33.326476,-112.1381
3520,33.337619,-112.053192
3521,33.481464,-112.153978
3522,33.361137,-112.22249
3523,33.260587,-111.785551
3524,33.300495,-111.965034
3525,33.288365,-111.783182
3526,33.783846,-111.801319
3527,33.655576,-112.130775
3528,33.780657,-111.971358
3529,33.463844,-112.250069
3530,33.367021,-111.750849
3531,33.678976,-112.057442
3532,33.395752,-112.063794
3533,33.37963,-112.118347
3534,33.339504,-112.023602
3535,33.277807,-112.148944
3536,33.353878,-112.075089
3537,33.413192,-111.820032
3538,33.604397,-111.799447
3539,33.237539,-112.117491
3540,33.326304,-112.018591
3541,33.685414,-111.775708
3542,33.288153,-112.268396
3543,33.405587,-111.766513
3544,33.718795,-112.168489
3545,33.292955,-111.892876
3546,33.249642,-111.950469
3547,33.490723,-111.968236
3548,33.381452,-111.784384
3549,33.538045,-112.239057
3550,33.682283,-112.091783
3551,33.282289,-111.977048
3552,33.548419,-111.813227
3553,33.503305,-112.170134
3554,33.286447,-111.818242
3555,33.574399,-112.060217
3556,33.364184,-112.186652
3557,33.492701,-111.844608
3558,33.249363,-112.245461
3559,33.47575,-111.99114
3560,33.383878,-112.261675
3561,33.693429,-112.086149
3562,33.234187,-111.939354
3563,33.451164,-111.966331
3564,33.475059,-112.057207
3565,33.635004,-112.042571
3566,33.544573,-112.163938
3567,33.600327,-112.02647
3568,33.66623,-111.728047
3569,33.717322,-111.789728
3570,33.388325,-112.21286
3571,33.522814,-112.282132
3572,33.704065,-111.739885
3573,33.793671,-111.98395
3574,33.733712,-111.977297
3575,33.42288,-111.831569
3576,33.3171,-112.111187
3577,33.493636,-112.010855
3578,33.644985,-111.718802
3579,33.495541,-111.896711
3580,33.489909,-112.207753
3581,33.702938,-112.220064
3582,33.416842,-112.177441
3583,33.715877,-111.839973
3584,33.444083,-112.122774
3585,33.39694,-112.287167
3586,33.472394,-111.733495
3587,33.657468,-112.198172
3588,33.275601,-112.294265
3589,33.317852,-112.157721
3590,33.770867,-112.158983
3591,33.305295,-112.046797
3592,33.540636,-111.747766
3593,33.547589,-111.772489
3594,33.493775,-112.025863
3595,33.586847,-112.05346
3596,33.337896,-111.966995
3597,33.531597,-112.153928
3598,33.423304,-112.268689
3599,33.597,-111.736466
3600,33.284734,-112.187981
3601,33.542526,-112.18096
3602,33.311162,-112.016524
3603,33.367186,-112.005032
3604,33.331226,-112.288939
3605,33.309703,-112.211227
3606,33.695427,-112.073107
3607,33.371425,-111.889762
3608,33.756274,-112.162949
3609,33.781956,-112.046191
3610,33.542756,-111.965593
3611,33.285801,-111.766845
3612,33.424729,-112.104358
3613,33.678639,-112.219865
3614,33.420434,-112.006437
3615,33.25221,-111.851967
3616,33.534071,-112.234084
3617,33.707073,-112.04519
3618,33.677556,-112.289329
3619,33.305074,-112.279864
3620,33.603659,-112.010228
3621,33.332303,-112.121082
3622,33.330925,-111.792936
3623,33.724443,-111.938707
3624,33.349801,-112.02764
3625,33.357948,-112.055239
3626,33.200392,-112.001653
3627,33.722401,-112.275737
3628,33.675557,-111.764324
3629,33.576397,-111.701018
3630,33.650159,-112.191108
3631,33.291229,-112.22777
3632,33.474994,-112.213854
3633,33.410732,-111.903384
3634,33.256266,-111.903135
3635,33.491678,-111.791246
3636,33.752444,-111.848904
3637,33.224035,-112.030186
3638,33.374877,-111.932287
3639,33.324525,-111.887029
3640,33.342888,-111.992358
3641,33.745061,-112.014609
3642,33.480841,-111.912942
3643,33.47978,-111.965515
3644,33.656345,-111.913635
3645,33.292695,-111.932287
3646,33.492359,-111.868482
3647,33.457991,-111.914318
3648,33.558146,-111.988155
3649,33.799735,-111.890922
3650,33.661669,-112.030311
3651,33.438719,-112.154997
3652,33.696532,-112.299149
3653,33.302425,-111.964022
3654,33.218278,-111.945607
3655,33.322669,-111.716771
3656,33.404247,-112.083113
3657,33.506348,-112.06352
3658,33.569077,-112.17892
3659,33.746363,-112.257679
3660,33.505912,-111.836317
3661,33.500765,-112.150191
3662,33.230146,-111.934657
3663,33.220947,-111.887336
3664,33.530696,-112.017258
3665,33.462907,-111.774189
3666,33.703508,-112.033723
3667,33.296408,-112.129055
3668,33.214983,-111.762391
3669,33.469423,-111.783061
3670,33.342487,-112.201576
3671,33.229769,-112.284423
3672,33.634759,-112.246009
3673,33.266956,-112.128072
3674,33.564992,-111.716644
3675,33.36863,-111.96489
3676,33.304098,-112.076043
3677,33.427851,-111.76677
3678,33.680867,-112.028118
3679,33.435256,-112.110857
3680,33.650462,-111.735268
3681,33.275292,-111.790289
3682,33.663663,-111.793799
3683,33.34216,-111.992629
3684,33.606436,-111.826337
3685,33.539469,-112.192388
3686,33.757487,-111.956066
3687,33.432394,-111.709692
3688,33.239699,-112.125425
3689,33.211493,-111.823389
3690,33.696115,-112.005713
3691,33.514841,-112.276117
3692,33.665146,-111.842188
3693,33.340655,-112.198859
3694,33.40705,-111.921116
3695,33.218062,-112.248601
3696,33.776895,-111.73188
3697,33.600721,-112.124966
3698,33.759923,-112.164121
3699,33.359298,-112.222518
3700,33.566878,-111.732399
3701,33.6071,-111.872858
3702,33.39053,-111.855003
3703,33.708866,-112.000357
3704,33.768297,-112.015163
3705,33.730913,-112.233987
3706,33.64344,-111.964095
3707,33.366479,-112.15185
3708,33.36897,-111.713713
3709,33.778016,-111.822051
3710,33.206171,-112.052205
3711,33.62963,-112.209195
3712,33.623748,-111.828801
3713,33.573614,-112.226768
3714,33.794065,-112.1864
3715,33.387128,-112.173088
3716,33.403983,-111.965866
3717,33.247364,-111.827766
3718,33.465679,-112.111411
3719,33.356629,-112.249198
3720,33.406032,-112.021277
3721,33.700743,-111.851134
3722,33.761291,-112.167002
3723,33.31144,-112.168045
3724,33.423505,-111.731664
3725,33.757178,-111.727508
3726,33.237085,-111.705721
3727,33.255416,-111.815404
3728,33.297675,-112.187089
3729,33.557128,-112.172811
3730,33.290283,-112.095865
3731,33.780846,-112.10912
3732,33.468029,-111.726083
3733,33.500911,-111.826556
3734,33.347995,-111.865595
3735,33.482576,-112.188422
3736,33.597148,-111.754285
3737,33.650706,-111.803278
3738,33.652321,-112.201815
3739,33.546735,-111.777298
3740,33.742616,-112.136651
3741,33.690445,-112.251478
3742,33.654229,-111.905907
3743,33.233363,-111.907717
3744,33.204127,-112.243041
3745,33.327468,-112.108689
3746,33.598114,-111.704311
3747,33.446718,-111.892944
3748,33.441444,-111.861955
3749,33.730752,-112.17225
3750,33.737338,-112.252731
3751,33.745505,-112.133859
3752,33.388327,-112.150661
3753,33.614633,-112.159274
3754,33.36298,-112.184347
3755,33.314366,-111.955147
3756,33.310779,-112.103138
3757,33.405265,-111.807793
3758,33.457975,-112.189632
3759,33.69857,-112.021224
3760,33.271935,-112.291805
3761,33.640956,-112.010991
3762,33.518873,-112.266497
3763,33.372767,-111.713366
3764,33.495692,-111.825645
3765,33.379965,-112.005933
3766,33.557649,-112.248048
3767,33.460306,-111.944533
3768,33.298643,-111.844742
3769,33.26995,-112.18557
3770,33.528017,-111.959075
3771,33.741448,-111.811473
3772,33.406375,-111.839051
3773,33.6398,-111.818205
3774,33.595197,-111.772406
3775,33.758933,-111.737391
3776,33.692589,-112.056687
3777,33.539963,-111.958739
3778,33.594218,-111.825604
3779,33.739032,-111.881716
3780,33.439711,-111.702688
3781,33.396077,-112.291793
3782,33.206487,-112.08692
3783,33.695931,-112.131383
3784,33.680588,-112.14261
3785,33.262673,-112.166482
3786,33.546114,-111.874526
3787,33.478389,-112.249144
3788,33.271225,-111.855035
3789,33.788341,-111.883944
3790,33.328818,-112.149518
3791,33.240341,-112.1483
3792,33.556908,-111.922684
3793,33.64332,-111.842697
3794,33.219466,-111.774109
3795,33.595231,-111.788716
3796,33.519375,-111.72107
3797,33.261959,-111.951169
3798,33.303514,-111.754807
3799,33.540785,-111.814892
3800,33.377815,-111.763199
3801,33.762989,-112.293024
3802,33.691244,-111.720458
3803,33.79014,-112.015882
3804,33.355803,-111.82109
3805,33.781834,-112.223678
3806,33.45874,-112.062435
3807,33.408511,-112.137124
3808,33.23021,-112.125005
3809,33.231659,-112.226047
3810,33.615207,-111.816542
3811,33.474757,-112.294455
3812,33.335913,-112.112497
3813,33.568382,-112.195354
3814,33.351715,-111.946577
3815,33.546579,-112.147449
3816,33.415525,-112.144601
3817,33.694131,-112.006997
3818,33.692418,-111.908387
3819,33.48641,-112.227217
3820,33.410491,-112.194693
3821,33.417536,-112.151695
3822,33.683429,-111.715751
3823,33.396908,-112.061709
3824,33.325436,-111.940606
3825,33.250813,-112.155074
3826,33.480016,-112.005724
3827,33.489279,-112.255528
3828,33.704545,-112.279155
3829,33.332743,-112.01876
3830,33.428595,-112.060804
3831,33.685043,-112.217872
3832,33.694174,-111.887439
3833,33.430767,-111.704258
3834,33.475474,-112.062612
3835,33.381972,-111.925265
3836,33.759533,-111.722214
3837,33.271186,-111.801079
3838,33.76025,-112.021869
3839,33.61032,-111.857506
3840,33.518943,-112.223119
3841,33.219595,-111.992738
3842,33.485358,-112.132564
3843,33.444649,-112.203302
3844,33.296731,-112.044231
3845,33.593846,-112.221391
3846,33.782691,-111.880609
3847,33.537313,-112.026256
3848,33.628852,-111.981313
3849,33.24107,-112.212174
3850,33.4506,-112.216137
3851,33.269815,-111.949951
3852,33.567678,-111.708994
3853,33.763089,-112.24225
3854,33.597067,-112.128561
3855,33.246082,-111.778325
3856,33.4128,-112.256637
3857,33.530398,-111.774469
3858,33.441925,-111.985428
3859,33.700186,-112.05504
3860,33.688803,-112.114192
3861,33.567099,-112.12173
3862,33.424075,-112.116518
3863,33.353202,-111.769118
3864,33.263525,-111.865723
3865,33.412939,-111.898166
3866,33.447904,-111.820751
3867,33.605494,-112.145731
3868,33.594896,-111.929174
3869,33.242065,-112.02396
3870,33.437156,-111.830535
3871,33.309067,-112.114446
3872,33.294088,-111.914093
3873,33.696381,-111.770673
3874,33.225149,-112.05871
3875,33.45151,-112.260027
3876,33.300922,-111.99037
3877,33.727598,-112.092417
3878,33.534224,-111.896665
3879,33.338828,-111.72938
3880,33.501456,-112.008635
3881,33.638892,-112.020286
3882,33.774871,-111.907249
3883,33.332268,-112.237901
3884,33.731709,-112.147896
3885,33.760582,-111.748612
3886,33.749852,-111.898034
3887,33.581249,-112.291934
3888,33.577892,-112.177225
3889,33.441926,-111.890298
3890,33.651439,-111.84136
3891,33.518776,-111.796084
3892,33.606463,-112.124694
3893,33.457075,-111.741383
3894,33.638898,-111.968232
3895,33.694683,-111.882077
3896,33.287862,-111.941957
3897,33.699758,-112.226356
3898,33.524178,-111.722131
3899,33.7068,-112.226275
3900,33.458781,-112.147071
3901,33.427424,-111.811823
3902,33.749036,-111.928842
3903,33.350702,-111.797111
3904,33.706527,-111.990558
3905,33.490412,-112.073804
3906,33.508457,-111.746893
3907,33.385081,-112.278249
3908,33.543825,-111.786322
3909,33.395127,-112.161509
3910,33.223562,-111.790758
3911,33.363199,-112.216482
3912,33.203827,-111.951869
3913,33.787013,-111.767135
3914,33.779448,-112.015876
3915,33.437093,-111.85206
3916,33.637023,-111.817197
3917,33.407484,-111.858103
3918,33.602656,-111.744802
3919,33.683258,-112.031899
3920,33.768054,-112.196125
3921,33.440127,-112.271313
3922,33.669979,-112.152124
3923,33.359557,-112.214081
3924,33.794199,-111.965231
3925,33.215462,-112.189033
3926,33.562117,-112.27664
3927,33.595704,-112.278406
3928,33.612827,-111.801058
3929,33.272233,-111.94513
3930,33.763118,-112.085149
3931,33.30871,-111.763463
3932,33.573652,-112.257882
3933,33.333606,-111.711807
3934,33.38433,-111.930225
3935,33.527875,-112.189921
3936,33.450316,-111.892559
3937,33.296135,-111.841971
3938,33.302562,-112.042394
3939,33.450887,-111.78302
3940,33.65437,-112.209561
3941,33.738779,-112.132697
3942,33.250477,-112.243905
3943,33.435862,-112.173473
3944,33.260147,-112.156763
3945,33.209955,-111.74942
3946,33.597031,-112.253134
3947,33.56147,-112.043551
3948,33.297811,-111.980561
3949,33.340288,-111.760784
3950,33.214225,-111.701382
3951,33.700968,-111.847967
3952,33.784814,-111.717525
3953,33.281276,-111.827739
3954,33.338885,-111.722078
3955,33.721046,-111.875638
3956,33.755878,-112.252142
3957,33.451776,-112.058848
3958,33.230373,-111.912042
3959,33.223635,-112.089569
3960,33.54437,-112.13597
3961,33.435737,-111.95356
3962,33.217191,-111.739899
3963,33.549951,-112.279011
3964,33.206782,-111.838461
3965,33.672423,-111.866364
3966,33.38386,-111.721628
3967,33.224155,-111.741573
3968,33.553011,-111.84266
3969,33.438611,-111.987755
3970,33.78428,-112.177439
3971,33.526519,-111.972859
3972,33.365144,-111.840789
3973,33.625663,-111.762598
3974,33.362895,-111.826173
3975,33.742546,-112.18284
3976,33.424833,-111.940188
3977,33.529921,-112.100696
3978,33.230344,-112.294477
3979,33.455673,-112.179867
3980,33.699418,-112.232068
3981,33.683389,-111.794369
3982,33.334591,-112.144896
3983,33.335647,-112.129181
3984,33.690383,-111.724038
3985,33.758239,-112.072548
3986,33.257217,-112.294249
3987,33.470035,-112.129692
3988,33.402473,-112.22842
3989,33.722413,-112.238315
3990,33.250115,-112.253508
3991,33.326676,-111.944044
3992,33.651481,-112.186391
3993,33.230776,-112.083254
3994,33.495521,-111.782789
3995,33.465264,-112.045397
3996,33.400641,-111.750585
3997,33.436743,-112.001237
3998,33.517964,-112.060698
3999,33.29682,-111.849767
4000,33.543198,-112.256095
4001,33.683259,-112.246313
4002,33.656097,-111.908816
4003,33.29234,-112.007836
4004,33.28955,-111.825751
4005,33.360905,-111.750237
4006,33.416645,-112.06698
4007,33.445073,-111.942154
4008,33.607818,-111.999582
4009,33.234008,-111.711034
4010,33.220804,-111.801349
4011,33.435146,-111.752957
4012,33.618298,-112.147396
4013,33.316061,-111.836484
4014,33.584903,-112.140716
4015,33.355897,-112.174754
4016,33.731652,-111.73344
4017,33.737414,-112.288417
4018,33.378372,-111.720767
4019,33.337996,-112.210443
4020,33.446782,-111.808337
4021,33.344319,-112.134446
4022,33.60343,-112.089579
4023,33.695639,-112.169945
4024,33.603855,-111.948692
4025,33.69461,-112.091143
4026,33.438195,-111.905564
4027,33.29379,-112.290612
4028,33.642771,-112.261375
4029,33.416285,-112.240203
4030,33.602762,-112.048604
4031,33.362386,-111.811122
4032,33.248738,-111.767093
4033,33.795549,-112.153114
4034,33.293721,-111.955378
4035,33.793053,-111.838981
4036,33.786368,-112.126702
4037,33.676291,-112.054595
4038,33.595654,-111.985615
4039,33.546684,-112.219075
4040,33.719661,-112.284411
4041,33.373664,-112.208317
4042,33.480609,-111.923888
4043,33.571634,-112.255829
4044,33.446714,-112.186182
4045,33.456492,-112.097288
4046,33.398171,-112.253278
4047,33.538539,-112.18498
4048,33.710345,-111.753238
4049,33.320917,-112.288421
4050,33.76066,-111.907941
4051,33.613453,-112.069355
4052,33.693964,-111.896411
4053,33.533714,-111.946785
4054,33.66771,-112.165901
4055,33.20972,-111.791674
4056,33.691028,-112.004836
4057,33.224083,-111.806478
4058,33.733948,-112.056392
4059,33.795178,-111.709189
4060,33.37644,-111.837706
4061,33.326191,-111.72043
4062,33.659218,-111.991404
4063,33.351816,-112.015785
4064,33.719337,-111.846728
4065,33.261706,-111.771825
4066,33.275573,-111.721513
4067,33.787491,-112.105269
4068,33.604303,-111.820777
4069,33.708132,-112.173613
4070,33.394598,-111.972655
4071,33.60589,-112.192091
4072,33.556545,-112.091562
4073,33.56189,-111.741185
4074,33.609519,-112.212346
4075,33.545216,-111.920559
4076,33.457437,-111.944227
4077,33.365554,-112.227557
4078,33.661149,-112.104413
4079,33.335763,-111.962211
4080,33.615413,-112.187693
4081,33.34,-111.819626
4082,33.575198,-111.716706
4083,33.648247,-112.171144
4084,33.331228,-112.187853
4085,33.235966,-112.027039
4086,33.278584,-111.851341
4087,33.563598,-112.13104
4088,33.709668,-112.288072
4089,33.226998,-111.975268
4090,33.640491,-111.72604
4091,33.404791,-112.065234
4092,33.487117,-112.047919
4093,33.757316,-111.718659
4094,33.399183,-111.883235
4095,33.479202,-111.868497
4096,33.208209,-111.962379
4097,33.248959,-111.715234
4098,33.355155,-111.88668
4099,33.216711,-111.76298
4100,33.578825,-111.880373
4101,33.455839,-111.858931
4102,33.528887,-112.125753
4103,33.304788,-112.117913
4104,33.377559,-111.830209
4105,33.598295,-112.121976
4106,33.779182,-111.962338
4107,33.23025,-112.150389
4108,33.734231,-111.80981
4109,33.546129,-112.233699
4110,33.538352,-111.802332
4111,33.500167,-111.938362
4112,33.241636,-112.187854
4113,33.253926,-111.974779
4114,33.560547,-112.130501
4115,33.404575,-112.10592
4116,33.750361,-112.089083
4117,33.443954,-112.262008
4118,33.285969,-111.708423
4119,33.628831,-112.281079
4120,33.376012,-111.902502
4121,33.515282,-112.077263
4122,33.6187,-111.912394
4123,33.740158,-112.086251
4124,33.675315,-111.89575
4125,33.605817,-111.862459
4126,33.60778,-111.885668
4127,33.767555,-112.231623
4128,33.377494,-111.905864
4129,33.200667,-112.132007
4130,33.363173,-112.282719
4131,33.330735,-112.051102
4132,33.597101,-112.039874
4133,33.580227,-112.019696
4134,33.556077,-111.877106
4135,33.209746,-112.114694
4136,33.637267,-112.110832
4137,33.394118,-112.263669
4138,33.599034,-111.887907
4139,33.533947,-111.959304
4140,33.405639,-112.090345
4141,33.280746,-111.876887
4142,33.256651,-111.977585
4143,33.698911,-112.018453
4144,33.751039,-111.993205
4145,33.589873,-111.918191
4146,33.26206,-111.903998
4147,33.441216,-112.126625
4148,33.637364,-112.215554
4149,33.667893,-112.206019
4150,33.270931,-111.916365
4151,33.200018,-111.776276
4152,33.627282,-112.054302
4153,33.413958,-112.198288
4154,33.352689,-111.846039
4155,33.207738,-111.800506
4156,33.52418,-111.771651
4157,33.71069,-111.935901
4158,33.774579,-111.783563
4159,33.539447,-112.290751
4160,33.508677,-112.235659
4161,33.251034,-112.244454
4162,33.529324,-111.872437
4163,33.427987,-112.258251
4164,33.564281,-112.002181
4165,33.433236,-112.016376
4166,33.344179,-112.113578
4167,33.256979,-111.777757
4168,33.388951,-112.19774
4169,33.257987,-112.088522
4170,33.306138,-111.835497
4171,33.792402,-112.281747
4172,33.466462,-111.89623
4173,33.519123,-111.810161
4174,33.724171,-111.740639
4175,33.797341,-111.774222
4176,33.549629,-112.10837
4177,33.687484,-111.948182
4178,33.396165,-112.253624
4179,33.383446,-112.145278
4180,33.441622,-112.243467
4181,33.603504,-112.110888
4182,33.609315,-111.774888
4183,33.389144,-112.0917
4184,33.279926,-111.962861
4185,33.579438,-112.039971
4186,33.276996,-112.02465
4187,33.547096,-111.718257
4188,33.616053,-112.122307
4189,33.620367,-111.923605
4190,33.652083,-112.047962
4191,33.723716,-112.263312
4192,33.499975,-112.006402
4193,33.63815,-111.811994
4194,33.571504,-112.240748
4195,33.311984,-112.258245
4196,33.215414,-112.207821
4197,33.370725,-111.84136
4198,33.46582,-111.865603
4199,33.570264,-111.960989
4200,33.709976,-112.019064
4201,33.317747,-111.767005
4202,33.27533,-111.839981
4203,33.778088,-111.812835
4204,33.264827,-111.812043
4205,33.487095,-111.91437
4206,33.551338,-112.025191
4207,33.524825,-111.781193
4208,33.251619,-111.744396
4209,33.234216,-112.285716
4210,33.26329,-112.269067
4211,33.551353,-111.724754
4212,33.526607,-112.133704
4213,33.340244,-111.775978
4214,33.582664,-112.066723
4215,33.692041,-112.22854
4216,33.224947,-112.251734
4217,33.498878,-112.206095
4218,33.613586,-112.150064
4219,33.351387,-112.006889
4220,33.384663,-111.879101
4221,33.568183,-111.708161
4222,33.738761,-112.035096
4223,33.685955,-111.989089
4224,33.549878,-111.986911
4225,33.638133,-111.976339
4226,33.418893,-111.989356
4227,33.584579,-112.294735
4228,33.479709,-112.298965
4229,33.313962,-112.2414
4230,33.621043,-112.239066
4231,33.533879,-111.877062
4232,33.415173,-112.17705
4233,33.746804,-111.763172
4234,33.21256,-111.742836
4235,33.389464,-111.714464
4236,33.234129,-111.736551
4237,33.659916,-112.136867
4238,33.621264,-111.994134
4239,33.398811,-112.194727
4240,33.605398,-111.816274
4241,33.437562,-111.766941
4242,33.653752,-111.789227
4243,33.47251,-112.03998
4244,33.447368,-111.844796
4245,33.760838,-112.241452
4246,33.350527,-112.275853
4247,33.272268,-111.848058
4248,33.550726,-112.044787
4249,33.781593,-111.70267
4250,33.426704,-112.241647
4251,33.237222,-111.786623
4252,33.403583,-112.01201
4253,33.503559,-111.80371
4254,33.297154,-111.809724
4255,33.594861,-111.750405
4256,33.79865,-112.12129
4257,33.471044,-111.73012
4258,33.412837,-112.209
4259,33.440423,-112.250819
4260,33.269088,-112.041031
4261,33.729964,-111.803006
4262,33.448895,-112.015947
4263,33.432365,-111.802428
4264,33.595814,-111.862188
4265,33.46522,-112.174343
4266,33.58894,-111.730671
4267,33.236868,-112.263531
4268,33.688234,-111.761032
4269,33.764302,-112.117334
4270,33.589259,-111.999911
4271,33.77274,-112.046589
4272,33.290859,-112.196899
4273,33.48645,-112.085112
4274,33.561084,-112.184239
4275,33.549042,-112.177668
4276,33.440877,-112.187766
4277,33.402851,-112.00659
4278,33.276094,-111.821241
4279,33.435045,-111.958618
4280,33.297596,-111.764076
4281,33.640619,-111.918073
4282,33.325299,-111.886396
4283,33.235139,-111.899436
4284,33.53142,-112.030324
4285,33.557138,-111.886397
4286,33.723148,-112.258175
4287,33.546189,-111.784089
4288,33.407289,-111.833313
4289,33.681807,-112.152862
4290,33.524167,-111.839181
4291,33.247568,-112.292414
4292,33.53951,-112.169652
4293,33.744811,-112.260918
4294,33.437788,-111.831864
4295,33.377795,-111.846476
4296,33.286082,-111.811818
4297,33.290867,-112.297311
4298,33.459663,-111.99926
4299,33.557408,-111.877098
4300,33.248369,-112.206759
4301,33.763741,-111.910126
4302,33.65308,-112.249534
4303,33.551974,-112.191204
4304,33.697063,-112.014522
4305,33.248112,-111.907861
4306,33.486103,-112.212479
4307,33.578056,-112.188866
4308,33.697192,-112.177332
4309,33.670082,-112.15678
4310,33.366242,-112.164068
4311,33.764528,-112.062911
4312,33.274608,-111.907726
4313,33.72508,-112.037181
4314,33.782564,-111.834416
4315,33.306292,-111.868439
4316,33.63324,-112.224084
4317,33.224171,-112.270695
4318,33.443254,-111.773235
4319,33.50977,-112.252101
4320,33.548387,-112.210996
4321,33.761562,-112.28672
4322,33.60335,-111.922998
4323,33.488767,-111.950578
4324,33.685805,-111.707858
4325,33.77032,-111.767841
4326,33.21324,-112.053494
4327,33.789513,-112.077048
4328,33.251679,-112.121889
4329,33.688632,-112.208556
4330,33.368201,-112.21715
4331,33.279308,-112.22063
4332,33.463913,-112.231531
4333,33.586374,-112.155693
4334,33.428571,-112.115999
4335,33.232739,-111.723053
4336,33.559677,-111.952916
4337,33.741442,-111.707443
4338,33.429929,-112.07652
4339,33.3298,-112.025424
4340,33.465546,-112.105253
4341,33.229018,-112.190267
4342,33.692293,-112.214101
4343,33.695804,-111.732952
4344,33.5528,-111.707914
4345,33.411862,-112.273054
4346,33.67987,-112.209792
4347,33.532812,-112.045886
4348,33.695559,-112.1882
4349,33.578875,-112.081672
4350,33.670643,-112.222542
4351,33.559138,-112.026093
4352,33.448485,-112.136983
4353,33.774768,-112.088857
4354,33.524668,-112.243412
4355,33.563054,-112.043123
4356,33.332293,-111.710045
4357,33.57539,-112.1027
4358,33.542965,-111.774142
4359,33.310903,-111.794081
4360,33.235752,-111.728765
4361,33.562616,-111.825934
4362,33.658215,-111.904242
4363,33.514041,-111.786049
4364,33.336064,-112.254613
4365,33.599913,-112.022302
4366,33.248063,-111.706446
4367,33.4651,-111.83824
4368,33.29802,-111.722755
4369,33.310675,-111.832219
4370,33.321376,-111.775071
4371,33.432024,-111.876082
4372,33.23069,-111.843699
4373,33.438676,-111.986093
4374,33.507024,-111.745457
4375,33.489977,-111.804977
4376,33.42967,-111.793669
4377,33.703488,-111.896195
4378,33.287196,-112.117252
4379,33.503418,-112.278622
4380,33.237225,-111.738607
4381,33.242693,-111.948328
4382,33.54432,-112.121114
4383,33.539611,-112.210519
4384,33.72682,-111.802286
4385,33.534724,-111.798088
4386,33.775875,-111.811295
4387,33.229217,-111.91295
4388,33.258805,-112.080391
4389,33.22644,-112.117558
4390,33.311166,-112.294867
4391,33.524762,-111.799835
4392,33.587343,-112.24754
4393,33.227351,-111.921547
4394,33.767583,-111.997555
4395,33.705299,-111.983986
4396,33.377967,-111.743972
4397,33.246313,-112.281031
4398,33.301932,-111.835965
4399,33.276167,-112.268769
4400,33.27397,-112.277108
4401,33.511137,-112.042109
4402,33.347508,-112.262155
4403,33.414884,-111.826514
4404,33.793703,-111.982262
4405,33.610589,-112.282577
4406,33.769388,-112.2757
4407,33.285534,-111.932399
4408,33.429284,-111.816333
4409,33.532839,-112.03732
4410,33.246055,-111.967252
4411,33.202512,-111.820102
4412,33.602261,-111.933696
4413,33.585092,-112.165144
4414,33.446473,-111.932169
4415,33.493786,-111.923032
4416,33.449266,-111.859536
4417,33.214403,-111.927475
4418,33.401223,-111.718455
4419,33.306249,-112.181627
4420,33.259055,-111.729346
4421,33.774032,-111.976996
4422,33.559616,-111.896826
4423,33.637194,-112.240323
4424,33.389218,-112.071654
4425,33.435888,-111.838373
4426,33.342154,-111.875853
4427,33.258179,-112.275916
4428,33.307419,-111.972043
4429,33.678508,-112.247033
4430,33.606527,-111.702486
4431,33.528157,-111.761622
4432,33.485054,-112.287352
4433,33.753461,-111.78481
4434,33.243641,-111.748342
4435,33.36836,-112.087871
4436,33.409963,-111.868299
4437,33.669455,-112.034738
4438,33.795509,-111.906861
4439,33.344402,-112.09581
4440,33.724584,-112.106464
4441,33.698374,-112.04534
4442,33.334794,-112.212659
4443,33.4396,-111.801317
4444,33.445804,-112.090781
4445,33.786932,-112.05991
4446,33.308535,-111.763567
4447,33.679495,-112.002026
4448,33.400516,-111.973448
4449,33.638522,-111.726101
4450,33.452007,-111.767964
4451,33.547016,-112.19832
4452,33.699567,-112.016071
4453,33.682499,-111.717222
4454,33.719854,-112.07658
4455,33.23577,-112.077056
4456,33.61523,-112.182982
4457,33.283992,-112.231406
4458,33.449491,-111.855817
4459,33.529153,-111.837982
4460,33.441644,-111.718592
4461,33.511767,-111.835949
4462,33.797916,-112.153989
4463,33.28113,-112.27593
4464,33.605274,-111.708738
4465,33.437601,-112.09573
4466,33.279806,-112.112817
4467,33.295242,-111.756427
4468,33.769564,-111.94894
4469,33.727761,-112.171077
4470,33.744225,-111.766542
4471,33.79492,-111.703983
4472,33.324989,-112.247993
4473,33.413264,-111.782649
4474,33.601531,-112.065691
4475,33.490282,-111.985557
4476,33.451034,-111.75111
4477,33.414687,-111.715972
4478,33.556268,-112.142702
4479,33.545356,-112.17229
4480,33.296875,-112.25169
4481,33.483044,-111.962921
4482,33.532083,-112.291837
4483,33.542172,-112.052861
4484,33.326064,-112.25597
4485,33.645363,-112.056865
4486,33.215119,-112.276041
4487,33.412899,-111.79887
4488,33.668128,-112.174157
4489,33.538336,-112.103015
4490,33.356697,-111.777971
4491,33.616972,-111.85224
4492,33.540435,-112.168577
4493,33.677746,-112.25686
4494,33.641015,-111.870596
4495,33.566065,-112.065578
4496,33.492907,-111.840352
4497,33.279909,-112.032823
4498,33.3568,-112.092399
4499,33.45146,-112.029277
4500,33.55958,-111.850865
4501,33.508225,-111.758668
4502,33.372911,-112.27014
4503,33.203879,-111.985533
4504,33.497744,-112.280299
4505,33.371376,-112.018954
4506,33.640765,-111.76883
4507,33.214368,-112.083046
4508,33.550897,-111.74053
4509,33.764885,-111.921635
4510,33.304646,-111.739507
4511,33.48299,-111.8457
4512,33.254853,-112.237939
4513,33.575409,-112.161309
4514,33.530319,-112.063498
4515,33.444419,-112.197936
4516,33.512826,-112.003053
4517,33.737945,-112.017179
4518,33.317777,-111.726244
4519,33.213539,-112.039763
4520,33.716999,-111.828624
4521,33.54627,-111.734854
4522,33.734395,-111.773807
4523,33.558167,-112.174799
4524,33.686097,-112.002382
4525,33.457804,-112.091356
4526,33.649916,-112.060085
4527,33.747825,-112.083516
4528,33.543274,-111.804184
4529,33.308471,-112.028717
4530,33.361279,-111.985783
4531,33.319187,-111.710532
4532,33.348114,-112.264012
4533,33.383849,-112.007225
4534,33.53308,-111.835563
4535,33.552795,-112.209303
4536,33.4559,-111.933081
4537,33.569252,-112.156321
4538,33.248945,-111.779558
4539,33.252673,-112.10374
4540,33.303098,-112.102562
4541,33.510846,-111.941084
4542,33.328397,-112.189862
4543,33.369971,-112.129067
4544,33.440188,-112.050021
4545,33.68712,-112.087817
4546,33.208317,-111.985074
4547,33.589627,-111.940216
4548,33.601326,-111.96
4549,33.679193,-111.907499
4550,33.759652,-112.11535
4551,33.212083,-112.224144
4552,33.29227,-111.843515
4553,33.731703,-111.789532
4554,33.475111,-112.145796
4555,33.538754,-112.055745
4556,33.597816,-112.000858
4557,33.60744,-111.980004
4558,33.759044,-111.904306
4559,33.79817,-112.275038
4560,33.632094,-111.867114
4561,33.372333,-112.262817
4562,33.727851,-112.019027
4563,33.229533,-111.803397
4564,33.338649,-112.029271
4565,33.738431,-112.210546
4566,33.353715,-111.70898
4567,33.332391,-111.766429
4568,33.282875,-111.837212
4569,33.715467,-112.053093
4570,33.500035,-112.189693
4571,33.604936,-111.735153
4572,33.34344,-111.980589
4573,33.654824,-111.788587
4574,33.656003,-112.094743
4575,33.387559,-112.098827
4576,33.44641,-111.708676
4577,33.325814,-111.9869
4578,33.785937,-112.215583
4579,33.587362,-112.168195
4580,33.760726,-112.010833
4581,33.382031,-112.274517
4582,33.669135,-112.02248
4583,33.659515,-112.048635
4584,33.614993,-111.832398
4585,33.779383,-112.087035
4586,33.436133,-111.710471
4587,33.27843,-112.191538
4588,33.603025,-111.945408
4589,33.637586,-112.24618
4590,33.545036,-111.859682
4591,33.324091,-111.703148
4592,33.502674,-111.808517
4593,33.387314,-111.966578
4594,33.45648,-112.009155
4595,33.587131,-111.798982
4596,33.647129,-111.738416
4597,33.339335,-111.706476
4598,33.443195,-112.062076
4599,33.361497,-111.70545
4600,33.319179,-112.206444
4601,33.670032,-112.14787
4602,33.745552,-112.24659
4603,33.422139,-112.136957
4604,33.650767,-111.839237
4605,33.738197,-111.788245
4606,33.707675,-111.832664
4607,33.309688,-111.921361
4608,33.773775,-111.99162
4609,33.426006,-111.874777
4610,33.403544,-112.0655
4611,33.237459,-111.795215
4612,33.491704,-111.893686
4613,33.265408,-111.881317
4614,33.349124,-111.978438
4615,33.390166,-111.768863
4616,33.685296,-112.148791
4617,33.725293,-112.071311
4618,33.38148,-111.833414
4619,33.715219,-112.004351
4620,33.714339,-111.766472
4621,33.658791,-112.09216
4622,33.288017,-112.078402
4623,33.614194,-111.766759
4624,33.767014,-112.021378
4625,33.609524,-111.990325
4626,33.39897,-112.100342
4627,33.500348,-112.133998
4628,33.587435,-111.906431
4629,33.506342,-112.228096
4630,33.271972,-111.772436
4631,33.387238,-111.832478
4632,33.681438,-112.185551
4633,33.716851,-111.883588
4634,33.28238,-111.93842
4635,33.771432,-112.189279
4636,33.397294,-112.136078
4637,33.597388,-112.054608
4638,33.651095,-111.880454
4639,33.687168,-111.916766
4640,33.76745,-111.980659
4641,33.387752,-111.838954
4642,33.715104,-111.845237
4643,33.279012,-111.929285
4644,33.623025,-111.827806
4645,33.645187,-112.099442
4646,33.606634,-111.77125
4647,33.351389,-111.931054
4648,33.723826,-111.806582
4649,33.301315,-111.972233
4650,33.232181,-112.168937
4651,33.630479,-111.974554
4652,33.485285,-112.077333
4653,33.709459,-111.881501
4654,33.430038,-112.014524
4655,33.300967,-111.798332
4656,33.701865,-111.893156
4657,33.529346,-111.889273
4658,33.313517,-112.169707
4659,33.63223,-111.70945
4660,33.506668,-111.794995
4661,33.562588,-111.826597
4662,33.476539,-112.101871
4663,33.697225,-111.978621
4664,33.697738,-112.217738
4665,33.625633,-111.976914
4666,33.263241,-112.212466
4667,33.703312,-111.968177
4668,33.602608,-111.910767
4669,33.618214,-112.065882
4670,33.41779,-112.000873
4671,33.727568,-111.774608
4672,33.635223,-112.234862
4673,33.267554,-111.82496
4674,33.444667,-112.197547
4675,33.731828,-112.277975
4676,33.228318,-112.188655
4677,33.77685,-111.840974
4678,33.607498,-112.056924
4679,33.578826,-111.776488
4680,33.362336,-111.985175
4681,33.349275,-112.28665
4682,33.765235,-111.869972
4683,33.378963,-112.23386
4684,33.665303,-111.826372
4685,33.435873,-112.199138
4686,33.283552,-112.092732
4687,33.206429,-111.843237
4688,33.526554,-111.727461
4689,33.785467,-112.07714
4690,33.421482,-111.80236
4691,33.414315,-112.185525
4692,33.406455,-111.815692
4693,33.512326,-111.905504
4694,33.464399,-112.184354
4695,33.727949,-112.118498
4696,33.503312,-112.220937
4697,33.504655,-112.07022
4698,33.283023,-112.177811
4699,33.789644,-111.913601
4700,33.349984,-111.703297
4701,33.244018,-112.292795
4702,33.597888,-111.975448
4703,33.55722,-111.9558
4704,33.449087,-111.751475
4705,33.453315,-111.996397
4706,33.671038,-111.973779
4707,33.317428,-112.017008
4708,33.692152,-112.138657
4709,33.589248,-112.266383
4710,33.451382,-112.054805
4711,33.474817,-112.268445
4712,33.353988,-111.969705
4713,33.651269,-112.115624
4714,33.507725,-111.979839
4715,33.392513,-112.219422
4716,33.55763,-111.740422
4717,33.797441,-111.763287
4718,33.461157,-112.186002
4719,33.752415,-112.093933
4720,33.40701,-111.931904
4721,33.23284,-112.242588
4722,33.322545,-112.087259
4723,33.451217,-112.149333
4724,33.331781,-111.75069
4725,33.200136,-111.788494
4726,33.749001,-111.9521
4727,33.706328,-111.987792
4728,33.645375,-111.741565
4729,33.300689,-111.740543
4730,33.272218,-111.718402
4731,33.240563,-112.224773
4732,33.634418,-112.203665
4733,33.757285,-111.893958
4734,33.458321,-111.975139
4735,33.271484,-112.28892
4736,33.507436,-112.262815
4737,33.409299,-111.767152
4738,33.424895,-111.778678
4739,33.572798,-112.085637
4740,33.631231,-111.76537
4741,33.266362,-111.943795
4742,33.221354,-111.816457
4743,33.796598,-112.043541
4744,33.339637,-112.231961
4745,33.232298,-112.039764
4746,33.313925,-112.02562
4747,33.223375,-111.969433
4748,33.435087,-112.23665
4749,33.681441,-111.705159
4750,33.404747,-112.153518
4751,33.46651,-112.180869
4752,33.605352,-111.983918
4753,33.505336,-111.977675
4754,33.716867,-112.036108
4755,33.719621,-111.836865
4756,33.205946,-111.990007
4757,33.666828,-111.934183
4758,33.47644,-111.865752
4759,33.793304,-112.284985
4760,33.489939,-111.957613
4761,33.792138,-111.769483
4762,33.652742,-112.289567
4763,33.349163,-112.056891
4764,33.523037,-111.744264
4765,33.795281,-112.088107
4766,33.714518,-112.024763
4767,33.25842,-111.711075
4768,33.623823,-112.180406
4769,33.407348,-112.260847
4770,33.204189,-111.784346
4771,33.442089,-111.778921
4772,33.340853,-112.016753
4773,33.691322,-111.991476
4774,33.402398,-111.798516
4775,33.696514,-111.856864
4776,33.200359,-112.140911
4777,33.384691,-112.289864
4778,33.344699,-112.01218
4779,33.34014,-111.784653
4780,33.240912,-111.762499
4781,33.312275,-111.726264
4782,33.53333,-111.772262
4783,33.374817,-111.951974
4784,33.450437,-112.033237
4785,33.42612,-111.83509
4786,33.725543,-111.856107
4787,33.743179,-111.977114
4788,33.495774,-112.247604
4789,33.398094,-111.744351
4790,33.26408,-112.026638
4791,33.772042,-112.082
4792,33.236136,-111.92226
4793,33.37859,-111.895697
4794,33.37884,-112.173587
4795,33.392241,-111.797837
4796,33.298572,-112.126038
4797,33.669897,-112.18799
4798,33.273499,-112.05616
4799,33.580944,-111.861664
4800,33.274308,-111.720725
4801,33.242321,-111.814431
4802,33.745658,-111.735791
4803,33.314077,-112.215637
4804,33.69275,-112.257294
4805,33.526779,-111.965377
4806,33.246714,-112.125822
4807,33.773269,-111.803167
4808,33.348177,-111.896807
4809,33.715787,-111.717563
4810,33.301286,-112.147125
4811,33.712366,-112.00853
4812,33.207937,-111.999256
4813,33.507068,-112.156494
4814,33.661666,-111.945944
4815,33.760877,-112.034028
4816,33.745521,-112.031967
4817,33.691775,-112.082358
4818,33.732915,-112.289842
4819,33.319532,-111.986743
4820,33.370511,-112.098851
4821,33.373381,-112.299208
4822,33.426232,-112.115234
4823,33.435992,-112.132823
4824,33.526733,-112.063931
4825,33.295928,-112.220889
4826,33.614748,-111.99539
4827,33.30054,-111.884536
4828,33.386185,-111.921889
4829,33.502007,-111.817747
4830,33.677864,-112.028795
4831,33.643682,-111.988545
4832,33.587321,-111.813759
4833,33.293464,-112.043379
4834,33.528227,-111.87904
4835,33.252468,-112.039239
4836,33.426418,-112.049358
4837,33.44811,-111.843877
4838,33.223887,-112.195098
4839,33.364393,-112.096848
4840,33.77339,-112.165497
4841,33.77218,-112.084534
4842,33.411396,-112.161775
4843,33.22586,-111.952357
4844,33.307457,-111.821098
4845,33.435331,-111.828032
4846,33.768668,-112.081299
4847,33.284719,-111.706744
4848,33.65811,-111.943687
4849,33.26521,-112.06036
4850,33.788755,-111.798676
4851,33.42897,-111.862076
4852,33.665141,-111.850435
4853,33.405555,-112.182316
4854,33.576601,-112.019005
4855,33.31521,-111.782903
4856,33.287613,-111.997577
4857,33.762838,-111.889928
4858,33.750588,-111.94724
4859,33.732481,-111.794586
4860,33.57526,-112.129263
4861,33.684961,-111.954715
4862,33.241422,-112.226059
4863,33.400873,-111.885874
4864,33.388222,-111.860819
4865,33.581387,-112.274298
4866,33.413575,-111.894525
4867,33.289104,-112.051186
4868,33.55788,-112.225542
4869,33.68863,-112.048055
4870,33.429274,-112.18346
4871,33.279361,-112.050664
4872,33.318013,-112.069397
4873,33.34249,-111.856965
4874,33.379939,-111.835471
4875,33.585677,-111.935783
4876,33.560567,-112.286388
4877,33.617648,-111.741387
4878,33.417501,-111.88826
4879,33.694399,-112.279483
4880,33.322453,-111.8087
4881,33.481424,-112.17984
4882,33.680563,-111.952467
4883,33.308095,-112.020019
4884,33.265918,-112.048097
4885,33.73021,-111.766172
4886,33.405758,-112.037583
4887,33.610322,-112.254794
4888,33.215209,-111.732017
4889,33.614028,-111.747679
4890,33.389661,-111.88934
4891,33.233445,-112.019264
4892,33.565888,-112.244284
4893,33.344482,-111.825551
4894,33.432084,-112.254713
4895,33.248348,-112.258839
4896,33.288298,-111.97757
4897,33.378786,-112.203923
4898,33.253856,-112.295362
4899,33.746496,-112.046132
4900,33.203628,-112.21767
4901,33.490316,-112.203691
4902,33.273948,-112.253854
4903,33.384607,-112.176944
4904,33.755636,-111.870709
4905,33.297017,-111.814644
4906,33.779499,-112.02848
4907,33.323477,-111.996068
4908,33.64494,-112.280407
4909,33.528006,-112.25841
4910,33.730687,-112.145459
4911,33.532396,-111.973661
4912,33.520736,-111.856269
4913,33.317275,-111.936998
4914,33.299738,-112.064723
4915,33.749893,-112.229006
4916,33.396703,-111.831536
4917,33.423249,-112.081728
4918,33.655894,-111.858368
4919,33.403294,-111.992213
4920,33.771237,-111.856803
4921,33.642757,-111.755626
4922,33.558458,-111.747382
4923,33.728537,-111.978936
4924,33.229764,-111.993095
4925,33.354238,-112.140593
4926,33.479022,-111.73852
4927,33.336187,-112.025248
4928,33.646343,-112.223445
4929,33.751525,-112.040377
4930,33.454262,-112.223768
4931,33.40528,-111.998481
4932,33.77693,-111.963235
4933,33.466911,-112.097347
4934,33.493429,-112.25701
4935,33.41099,-111.733898
4936,33.745729,-111.835988
4937,33.541373,-111.796671
4938,33.657305,-112.079879
4939,33.687084,-111.843501
4940,33.405109,-112.008776
4941,33.460217,-112.17935
4942,33.709083,-112.225346
4943,33.417953,-112.092969
4944,33.676361,-112.217469
4945,33.764595,-111.701039
4946,33.573926,-112.270487
4947,33.644976,-112.035314
4948,33.683058,-112.028744
4949,33.707024,-112.119621
4950,33.437032,-111.957189
4951,33.230758,-112.210014
4952,33.441126,-111.829653
4953,33.604254,-112.100531
4954,33.47021,-111.945194
4955,33.649378,-111.870616
4956,33.414189,-111.766575
4957,33.580846,-111.798528
4958,33.311852,-111.935015
4959,33.649622,-112.066964
4960,33.527418,-111.998077
4961,33.322439,-111.838759
4962,33.375147,-111.773473
4963,33.649165,-112.237731
4964,33.489561,-112.069086
4965,33.329619,-111.83433
4966,33.780363,-112.041009
4967,33.629075,-112.100663
4968,33.774281,-112.053206
4969,33.456263,-111.938293
4970,33.48506,-111.700117
4971,33.738773,-112.004205
4972,33.51503,-112.174903
4973,33.624367,-112.202292
4974,33.351304,-112.27459
4975,33.468036,-111.96471
4976,33.27407,-111.973257
4977,33.323588,-112.17686
4978,33.200566,-111.882802
4979,33.223559,-111.855336
4980,33.78637,-112.144541
4981,33.345412,-112.09354
4982,33.597986,-111.705717
4983,33.70346,-112.075441
4984,33.530396,-111.843519
4985,33.291887,-112.028365
4986,33.63687,-111.823993
4987,33.560151,-111.838586
4988,33.63875,-111.899346
4989,33.661848,-111.787133
4990,33.785246,-111.736469
4991,33.544138,-111.95201
4992,33.404985,-112.157519
4993,33.589079,-112.060823
4994,33.241064,-111.845017
4995,33.738438,-111.90947
4996,33.271629,-112.193321
4997,33.396706,-112.269256
4998,33.689447,-111.890223
4999,33.558387,-112.149353
5000,33.436181,-112.000198
5001,33.484061,-111.851952
5002,33.712728,-111.9624
5003,33.404003,-112.250018
5004,33.72179,-112.188652
5005,33.252881,-112.168403
5006,33.666079,-112.145281
5007,33.708529,-111.960758
5008,33.309091,-111.997621
5009,33.458208,-112.178104
5010,33.2993,-112.259467
5011,33.623962,-112.197141
5012,33.521209,-111.709371
5013,33.581194,-112.018872
5014,33.317892,-111.779593
5015,33.327048,-111.790749
5016,33.224898,-111.993088
5017,33.393241,-111.875987
5018,33.535847,-112.184349
5019,33.714761,-111.886962
5020,33.600156,-112.136569
5021,33.461238,-111.800763
5022,33.771872,-112.249766
5023,33.631547,-111.836117
5024,33.758099,-112.240038
5025,33.516553,-111.771286
5026,33.355343,-112.117477
5027,33.231696,-111.907364
5028,33.635651,-112.007499
5029,33.272782,-112.080218
5030,33.381665,-111.912735
5031,33.519483,-111.731486
5032,33.53865,-112.275238
5033,33.56035,-111.748688
5034,33.299753,-111.934551
5035,33.427842,-111.815611
5036,33.570317,-112.069675
5037,33.781891,-112.016894
5038,33.636579,-111.77869
5039,33.753562,-112.051091
5040,33.657327,-111.979204
5041,33.55503,-112.287883
5042,33.315214,-112.204841
5043,33.600011,-111.914988
5044,33.574028,-111.869814
5045,33.561482,-111.950439
5046,33.493872,-112.214014
5047,33.517194,-112.032757
5048,33.400666,-112.086943
5049,33.511588,-112.002603
5050,33.318534,-111.777803
5051,33.683105,-111.834483
5052,33.311466,-112.249606
5053,33.25098,-111.765814
5054,33.461748,-112.01694
5055,33.594984,-111.853683
5056,33.46263,-112.215976
5057,33.366052,-111.897568
5058,33.534903,-112.158204
5059,33.408201,-112.036971
5060,33.759721,-112.289882
5061,33.753587,-112.209034
5062,33.501423,-112.244752
5063,33.39673,-112.156153
5064,33.642279,-112.239989
5065,33.222028,-111.884854
5066,33.484861,-112.282576
5067,33.401794,-111.929356
5068,33.752322,-112.215575
5069,33.207202,-111.732903
5070,33.531689,-111.740144
5071,33.644398,-112.164698
5072,33.491011,-111.931347
5073,33.251242,-112.283197
5074,33.783477,-111.740927
5075,33.510806,-111.986208
5076,33.568512,-112.274066
5077,33.341966,-112.0945
5078,33.490099,-112.25389
5079,33.45749,-112.064233
5080,33.244938,-111.898044
5081,33.263696,-112.018066
5082,33.702484,-112.069767
5083,33.343892,-112.228506
5084,33.316975,-112.153037
5085,33.502947,-112.239914
5086,33.661248,-111.815501
5087,33.237168,-112.218856
5088,33.546085,-111.942776
5089,33.271526,-112.094356
5090,33.221877,-112.164413
5091,33.231646,-111.916319
5092,33.700498,-112.025799
5093,33.270783,-112.059913
5094,33.227091,-111.944289
5095,33.46274,-112.005239
5096,33.706396,-112.117909
5097,33.357445,-111.964563
5098,33.453028,-111.898301
5099,33.223954,-112.283984
5100,33.469447,-112.020477
5101,33.546568,-112.26539
5102,33.542544,-112.188157
5103,33.399456,-111.963695
5104,33.38932,-111.780287
5105,33.263974,-111.770317
5106,33.420079,-112.258034
5107,33.259697,-112.048537
5108,33.659958,-111.950196
5109,33.779765,-112.211758
5110,33.782045,-111.840741
5111,33.719043,-111.853459
5112,33.560475,-111.757995
5113,33.620519,-112.294908
5114,33.371123,-112.169989
5115,33.578462,-111.803688
5116,33.47339,-111.897652
5117,33.48921,-111.763366
5118,33.654666,-112.265692
5119,33.369151,-111.941822
5120,33.390824,-111.958572
5121,33.754785,-112.278595
5122,33.233735,-111.991887
5123,33.491381,-111.934288
5124,33.74768,-112.185224
5125,33.566218,-112.136002
5126,33.527844,-111.915792
5127,33.349847,-112.019019
5128,33.405965,-111.785192
5129,33.711229,-112.094571
5130,33.535531,-112.140004
5131,33.508845,-111.70908
5132,33.259748,-111.753319
5133,33.209617,-112.282604
5134,33.778211,-111.837563
5135,33.426192,-112.233799
5136,33.561928,-112.283509
5137,33.247829,-112.135783
5138,33.609869,-112.138392
5139,33.75954,-111.808409
5140,33.545399,-111.8736
5141,33.275669,-111.711034
5142,33.549033,-111.873092
5143,33.659808,-112.049047
5144,33.44385,-111.880643
5145,33.727903,-111.700325
5146,33.58921,-111.873915
5147,33.739549,-111.842991
5148,33.574103,-111.736981
5149,33.278773,-112.231809
5150,33.385815,-111.877129
5151,33.321077,-111.789516
5152,33.745296,-111.727373
5153,33.65624,-112.173418
5154,33.605839,-111.997643
5155,33.38058,-111.891667
5156,33.310427,-112.151519
5157,33.653871,-111.939716
5158,33.484495,-112.145453
5159,33.335474,-112.099926
5160,33.569973,-112.035089
5161,33.2242,-111.982486
5162,33.395702,-112.03038
5163,33.481134,-112.004083
5164,33.288775,-112.120847
5165,33.790793,-112.204621
5166,33.325458,-112.27159
5167,33.278212,-112.182413
5168,33.322121,-111.950834
5169,33.661437,-111.828331
5170,33.455303,-112.198451
5171,33.53925,-112.234867
5172,33.212605,-111.850426
5173,33.220659,-112.116905
5174,33.467495,-111.7291
5175,33.689993,-111.871409
5176,33.731143,-112.103946
5177,33.252024,-112.126274
5178,33.523018,-111.985781
5179,33.747938,-112.252513
5180,33.432784,-112.229394
5181,33.697739,-112.194485
5182,33.280217,-111.835166
5183,33.761237,-111.991686
5184,33.650854,-112.29366
5185,33.764801,-111.89589
5186,33.60597,-112.045786
5187,33.418042,-111.993489
5188,33.762909,-112.17153
5189,33.36534,-111.968931
5190,33.399304,-111.712508
5191,33.620485,-112.255933
5192,33.65919,-112.12965
5193,33.757642,-112.154201
5194,33.322881,-112.15087
5195,33.678799,-112.072776
5196,33.643128,-111.809134
5197,33.238277,-111.752285
5198,33.432334,-112.178671
5199,33.369659,-111.97423
5200,33.382694,-111.917861
5201,33.789768,-111.986904
5202,33.585666,-112.039554
5203,33.630606,-112.184815
5204,33.785971,-112.007068
5205,33.426321,-112.059271
5206,33.681104,-111.822662
5207,33.460719,-111.841837
5208,33.72172,-112.219601
5209,33.308395,-112.246889
5210,33.768612,-111.755108
5211,33.331263,-111.978695
5212,33.395732,-111.785319
5213,33.653715,-112.265109
5214,33.436253,-111.984091
5215,33.564927,-111.976344
5216,33.466744,-111.783579
5217,33.645422,-112.241434
5218,33.336999,-112.155733
5219,33.235075,-112.056077
5220,33.379958,-111.780495
5221,33.484585,-111.73667
5222,33.300812,-111.704365
5223,33.412878,-111.724484
5224,33.43999,-112.296435
5225,33.234435,-112.271375
5226,33.549984,-112.211436
5227,33.730606,-112.090683
5228,33.291046,-111.802049
5229,33.558685,-111.764406
5230,33.598844,-112.187899
5231,33.451601,-111.928202
5232,33.620659,-111.749583
5233,33.446439,-112.021761
5234,33.502782,-112.237874
5235,33.204412,-112.025312
5236,33.615032,-112.074523
5237,33.596806,-111.953405
5238,33.223041,-112.036805
5239,33.42095,-112.289592
5240,33.787419,-111.703601
5241,33.452442,-111.973876
5242,33.501167,-112.015822
5243,33.745958,-111.72723
5244,33.630357,-112.206484
5245,33.549242,-112.186457
5246,33.678683,-111.815191
5247,33.71862,-112.143501
5248,33.474133,-111.820464
5249,33.485065,-112.13708
5250,33.431631,-112.280087
5251,33.780024,-111.989791
5252,33.6183,-112.181988
5253,33.249934,-111.845292
5254,33.717776,-111.91528
5255,33.488336,-111.745838
5256,33.241252,-111.830207
5257,33.52983,-112.191534
5258,33.450299,-111.819905
5259,33.72665,-111.914958
5260,33.322397,-111.898629
5261,33.695879,-111.800642
5262,33.534613,-111.955706
5263,33.232766,-112.020398
5264,33.783107,-111.918015
5265,33.507569,-112.121226
5266,33.374526,-112.190442
5267,33.481644,-111.930047
5268,33.714715,-112.159691
5269,33.382942,-112.252051
5270,33.315606,-112.299667
5271,33.277443,-111.935008
5272,33.378716,-112.082711
5273,33.668029,-111.848613
5274,33.482976,-112.074894
5275,33.336489,-112.008398
5276,33.299711,-112.055749
5277,33.399638,-111.909655
5278,33.763955,-112.086317
5279,33.405816,-111.721739
5280,33.792874,-111.738312
5281,33.491138,-111.791183
5282,33.307498,-111.74782
5283,33.734684,-112.030516
5284,33.476213,-111.978142
5285,33.625803,-111.854744
5286,33.790227,-111.882312
5287,33.230105,-111.765593
5288,33.258017,-111.870201
5289,33.632274,-111.701269
5290,33.369095,-112.090897
5291,33.310581,-111.800201
5292,33.223617,-111.881419
5293,33.213108,-111.885168
5294,33.664691,-112.104499
5295,33.28066,-111.828639
5296,33.480632,-111.759774
5297,33.563538,-112.168871
5298,33.457011,-111.924702
5299,33.216264,-112.064719
5300,33.670101,-111.706271
5301,33.206308,-112.0127
5302,33.657134,-112.163008
5303,33.735983,-112.070885
5304,33.459704,-111.907697
5305,33.521325,-112.254346
5306,33.48619,-111.937839
5307,33.433525,-111.741265
5308,33.732455,-111.789782
5309,33.73636,-112.259396
5310,33.40149,-111.703966
5311,33.569042,-111.880764
5312,33.756145,-112.202632
5313,33.777235,-112.29255
5314,33.505375,-112.19723
5315,33.471695,-111.797094
5316,33.367217,-112.287016
5317,33.775323,-112.160112
5318,33.285689,-111.845617
5319,33.547898,-111.948334
5320,33.36953,-111.830359
5321,33.367405,-111.85231
5322,33.442981,-112.269639
5323,33.799276,-111.764493
5324,33.23298,-112.163781
5325,33.547125,-111.967965
5326,33.249543,-111.913427
5327,33.292712,-112.198823
5328,33.463738,-111.714261
5329,33.506276,-112.007106
5330,33.355275,-112.265414
5331,33.389874,-111.737643
5332,33.25218,-111.948239
5333,33.381932,-111.880484
5334,33.779935,-111.984895
5335,33.766824,-111.799157
5336,33.400927,-112.28012
5337,33.542512,-112.138973
5338,33.745757,-112.018211
5339,33.20371,-112.254038
5340,33.68641,-111.876456
5341,33.769022,-112.063802
5342,33.254795,-112.136399
5343,33.296869,-112.297973
5344,33.776448,-111.868102
5345,33.522524,-111.799714
5346,33.208518,-112.062976
5347,33.354579,-111.961469
5348,33.469966,-112.163388
5349,33.615745,-111.926681
5350,33.639896,-112.292718
5351,33.797253,-112.006814
5352,33.372507,-111.913477
5353,33.522932,-111.749085
5354,33.519994,-112.071199
5355,33.443387,-111.840886
5356,33.301497,-111.941388
5357,33.786474,-111.743793
5358,33.71199,-112.060973
5359,33.499,-112.108543
5360,33.561947,-111.767715
5361,33.336357,-112.270453
5362,33.526272,-112.218169
5363,33.616982,-112.250557
5364,33.5091,-111.794134
5365,33.794171,-112.293636
5366,33.566805,-111.783006
5367,33.422584,-112.029239
5368,33.663291,-112.297585
5369,33.302278,-112.059013
5370,33.430709,-112.187919
5371,33.408175,-111.92536
5372,33.459084,-111.892385
5373,33.669068,-112.007483
5374,33.490504,-112.275688
5375,33.676409,-111.906323
5376,33.545893,-111.794777
5377,33.405242,-111.867805
5378,33.685987,-111.802025
5379,33.342974,-112.179694
5380,33.33463,-111.766667
5381,33.502702,-112.106684
5382,33.35651,-112.291957
5383,33.205452,-111.793965
5384,33.588979,-111.734907
5385,33.506656,-111.906665
5386,33.467311,-112.161138
5387,33.780181,-112.148953
5388,33.54272,-112.020044
5389,33.718059,-111.761301
5390,33.28367,-112.210241
5391,33.541524,-111.804416
5392,33.720788,-112.125218
5393,33.549863,-111.814848
5394,33.630809,-111.747837
5395,33.423226,-112.043504
5396,33.25547,-112.08097
5397,33.47474,-111.818667
5398,33.436688,-111.98231
5399,33.720236,-111.889331
5400,33.346397,-111.926302
5401,33.780041,-112.208267
5402,33.774883,-111.793126
5403,33.348579,-112.182535
5404,33.408831,-111.740631
5405,33.737333,-112.149657
5406,33.779973,-111.859671
5407,33.466063,-112.129207
5408,33.392598,-112.109329
5409,33.515656,-112.113999
5410,33.612662,-111.851265
5411,33.364085,-111.965911
5412,33.641884,-111.770229
5413,33.230994,-112.115576
5414,33.229577,-111.884804
5415,33.431773,-111.848231
5416,33.412084,-112.209111
5417,33.38938,-112.059646
5418,33.494612,-112.01031
5419,33.39244,-112.086588
5420,33.315355,-112.106732
5421,33.385682,-111.888148
5422,33.784943,-112.17048
5423,33.446668,-111.874366
5424,33.466828,-111.738973
5425,33.545927,-111.960881
5426,33.790004,-111.933139
5427,33.344961,-112.25864
5428,33.608769,-111.781314
5429,33.629591,-112.128731
5430,33.564395,-111.930969
5431,33.253147,-111.712533
5432,33.606123,-111.942698
5433,33.238457,-111.865174
5434,33.557686,-112.032808
5435,33.643749,-112.26378
5436,33.326582,-111.82144
5437,33.704973,-112.279001
5438,33.218212,-111.879605
5439,33.706288,-112.286247
5440,33.476197,-111.782617
5441,33.330553,-112.205418
5442,33.280267,-111.991437
5443,33.771984,-111.94171
5444,33.243599,-112.025473
5445,33.319456,-112.095542
5446,33.408693,-112.019311
5447,33.572141,-112.113151
5448,33.526881,-112.037127
5449,33.275386,-112.084652
5450,33.373837,-111.960277
5451,33.343251,-112.157246
5452,33.328126,-111.706806
5453,33.446687,-111.999478
5454,33.622419,-112.183503
5455,33.330472,-112.01376
5456,33.420007,-111.780151
5457,33.43455,-112.286916
5458,33.785874,-111.892268
5459,33.7728,-111.971219
5460,33.680083,-112.198265
5461,33.344995,-111.809514
5462,33.240822,-112.078669
5463,33.390142,-112.123719
5464,33.360077,-111.803125
5465,33.503555,-111.916885
5466,33.666637,-111.761045
5467,33.714994,-111.92207
5468,33.706918,-111.855509
5469,33.415805,-111.798132
5470,33.612341,-112.267156
5471,33.387701,-111.834371
5472,33.236543,-111.931776
5473,33.620939,-112.258295
5474,33.205897,-111.994853
5475,33.44551,-112.250525
5476,33.397628,-111.858432
5477,33.616027,-111.972099
5478,33.659747,-111.727856
5479,33.382457,-112.190119
5480,33.686976,-111.93638
5481,33.37635,-112.173051
5482,33.467796,-111.931561
5483,33.636211,-111.86641
5484,33.615752,-111.866617
5485,33.792421,-111.810956
5486,33.335097,-111.78787
5487,33.597391,-112.253637
5488,33.565809,-112.09404
5489,33.749059,-111.887726
5490,33.293817,-112.000848
5491,33.651079,-112.185594
5492,33.540961,-111.968374
5493,33.3648,-112.055539
5494,33.484661,-112.065977
5495,33.400266,-111.814148
5496,33.547588,-112.055441
5497,33.7334,-112.284127
5498,33.541583,-112.265162
5499,33.579033,-111.786254
5500,33.511249,-111.72364
5501,33.230699,-111.886954
5502,33.339715,-112.081379
5503,33.495201,-111.73684
5504,33.386141,-111.902318
5505,33.309058,-111.7934
5506,33.50248,-111.840489
5507,33.393686,-112.072516
5508,33.354865,-112.012779
5509,33.478391,-112.188321
5510,33.279971,-112.124792
5511,33.756647,-111.833125
5512,33.720621,-111.763613
5513,33.624572,-111.865324
5514,33.263728,-112.020896
5515,33.665526,-112.248094
5516,33.684774,-112.265831
5517,33.660659,-112.075405
5518,33.26838,-112.021707
5519,33.586345,-111.934528
5520,33.700595,-112.296106
5521,33.546412,-111.706166
5522,33.587844,-112.081637
5523,33.475018,-111.791143
5524,33.517224,-111.97902
5525,33.220626,-112.221736
5526,33.583378,-111.821461
5527,33.248868,-111.874104
5528,33.461009,-111.983538
5529,33.375593,-111.991268
5530,33.527257,-112.247512
5531,33.28005,-111.906491
5532,33.614986,-111.753253
5533,33.677007,-112.244053
5534,33.298013,-112.141893
5535,33.262588,-111.758615
5536,33.287309,-112.129394
5537,33.726277,-111.907634
5538,33.516914,-111.979109
5539,33.480357,-111.942203
5540,33.264027,-112.050527
5541,33.589734,-112.120005
5542,33.7208,-112.27088
5543,33.696912,-111.853431
5544,33.575633,-111.852344
5545,33.245167,-111.897565
5546,33.267438,-111.91382
5547,33.229585,-112.15377
5548,33.354488,-112.286593
5549,33.281397,-111.814771
5550,33.356029,-112.005317
5551,33.431035,-112.115897
5552,33.76579,-112.238841
5553,33.566226,-112.262367
5554,33.700984,-112.09068
5555,33.626211,-111.817158
5556,33.267502,-111.748766
5557,33.641552,-111.761949
5558,33.365059,-111.747999
5559,33.583465,-111.755365
5560,33.404577,-111.983665
5561,33.798603,-112.168351
5562,33.358131,-111.821172
5563,33.367478,-112.171772
5564,33.758403,-112.139676
5565,33.214787,-112.160047
5566,33.618013,-111.991011
5567,33.635196,-112.106903
5568,33.701827,-112.207506
5569,33.784664,-112.028096
5570,33.785361,-111.775656
5571,33.239166,-111.957668
5572,33.693104,-111.772999
5573,33.587786,-112.182477
5574,33.588405,-112.199816
5575,33.27701,-111.954654
5576,33.590112,-112.022003
5577,33.78949,-111.903896
5578,33.747091,-111.823224
5579,33.463478,-111.849216
5580,33.223969,-111.734643
5581,33.417376,-112.061046
5582,33.695834,-112.176168
5583,33.620899,-111.969452
5584,33.475606,-112.233554
5585,33.233061,-112.126689
5586,33.456137,-112.175267
5587,33.481415,-112.062062
5588,33.757133,-112.23327
5589,33.584652,-112.280895
5590,33.386992,-111.905924
5591,33.515191,-111.933851
5592,33.239633,-111.874985
5593,33.783541,-111.903768
5594,33.416036,-112.231423
5595,33.48672,-112.125353
5596,33.41317,-112.222284
5597,33.609507,-111.794217
5598,33.597339,-111.851858
5599,33.629193,-112.179084
5600,33.360886,-112.095214
5601,33.389401,-111.720031
5602,33.275151,-111.943504
5603,33.593306,-111.819307
5604,33.223878,-112.141245
5605,33.558609,-112.173968
5606,33.721818,-111.82965
5607,33.734499,-111.888477
5608,33.469423,-111.891413
5609,33.475582,-111.968419
5610,33.246182,-111.961853
5611,33.602459,-111.858581
5612,33.692756,-112.137999
5613,33.346793,-112.088339
5614,33.452781,-111.777018
5615,33.703304,-112.114681
5616,33.726272,-111.972214
5617,33.345908,-111.878416
5618,33.530342,-111.700045
5619,33.315496,-112.038825
5620,33.261127,-112.043144
5621,33.746672,-111.794447
5622,33.692305,-111.816698
5623,33.656021,-111.861354
5624,33.22926,-112.022062
5625,33.706237,-112.105637
5626,33.462826,-111.934762
5627,33.405437,-111.774266
5628,33.527886,-111.769734
5629,33.254812,-112.234901
5630,33.653988,-112.04299
5631,33.549461,-112.021167
5632,33.311954,-111.713431
5633,33.312939,-111.893201
5634,33.310549,-112.055652
5635,33.234201,-112.284365
5636,33.552679,-111.960769
5637,33.704209,-112.242354
5638,33.210499,-111.79933
5639,33.229403,-111.848489
5640,33.543662,-112.023695
5641,33.691697,-112.042474
5642,33.396043,-111.761597
5643,33.409769,-112.126925
5644,33.557808,-112.150588
5645,33.364528,-111.736482
5646,33.215965,-111.814452
5647,33.641137,-111.807625
5648,33.57539,-112.182884
5649,33.548454,-112.214022
5650,33.64501,-112.284382
5651,33.605139,-112.157775
5652,33.323529,-111.835486
5653,33.411489,-112.155977
5654,33.275666,-111.862538
5655,33.277914,-112.148855
5656,33.605717,-112.062825
5657,33.71516,-111.710103
5658,33.77764,-112.153113
5659,33.577008,-112.074178
5660,33.310461,-112.119348
5661,33.26339,-112.234225
5662,33.687711,-112.006064
5663,33.547254,-112.072786
5664,33.570971,-111.883068
5665,33.668877,-111.809443
5666,33.621966,-111.97345
5667,33.700675,-112.280682
5668,33.233728,-111.928647
5669,33.648512,-112.266766
5670,33.710512,-111.930186
5671,33.371681,-111.888982
5672,33.584268,-112.181339
5673,33.388497,-111.808392
5674,33.774783,-111.753349
5675,33.220054,-111.812148
5676,33.547876,-112.116934
5677,33.299902,-111.948014
5678,33.627332,-111.751111
5679,33.305534,-112.107601
5680,33.34123,-111.807983
5681,33.496622,-112.294315
5682,33.748901,-112.297812
5683,33.327029,-111.844173
5684,33.286544,-111.843131
5685,33.655386,-111.826614
5686,33.500372,-111.741984
5687,33.747071,-112.229256
5688,33.287969,-112.160809
5689,33.587557,-111.757765
5690,33.339727,-112.193658
5691,33.294056,-111.890662
5692,33.610058,-111.981722
5693,33.556211,-112.250084
5694,33.652896,-112.128842
5695,33.385678,-111.987777
5696,33.468783,-111.78859
5697,33.443283,-111.875477
5698,33.790454,-111.92687
5699,33.375349,-112.00238
5700,33.37689,-112.12079
5701,33.412729,-112.228453
5702,33.538756,-112.054554
5703,33.351394,-112.282889
5704,33.749174,-112.173366
5705,33.359411,-112.04051
5706,33.737489,-112.048837
5707,33.262085,-112.273423
5708,33.593938,-111.946564
5709,33.744191,-111.970189
5710,33.30125,-112.253137
5711,33.780996,-111.734102
5712,33.47173,-112.24037
5713,33.767429,-111.7871
5714,33.606092,-112.299814
5715,33.380952,-111.770631
5716,33.312982,-112.288168
5717,33.382241,-111.845313
5718,33.25581,-112.082986
5719,33.286321,-111.85707
5720,33.262796,-112.058953
5721,33.453766,-112.257455
5722,33.677347,-111.839496
5723,33.28483,-112.257248
5724,33.278192,-111.746728
5725,33.586057,-112.269416
5726,33.31831,-112.012405
5727,33.258566,-111.866179
5728,33.300109,-112.064052
5729,33.754239,-112.16966
5730,33.692883,-111.844545
5731,33.412439,-111.829423
5732,33.593492,-111.746383
5733,33.522365,-112.074301
5734,33.606275,-111.996249
5735,33.609603,-112.082123
5736,33.57724,-112.145751
5737,33.359661,-111.84938
5738,33.223404,-112.096209
5739,33.47334,-112.04311
5740,33.734584,-112.057796
5741,33.541698,-111.872403
5742,33.699435,-111.749323
5743,33.794975,-111.899946
5744,33.29817,-112.01705
5745,33.615067,-111.832477
5746,33.604576,-111.915417
5747,33.787973,-112.263634
5748,33.79136,-112.242602
5749,33.612007,-112.27725
5750,33.346169,-112.02591
5751,33.679134,-111.804488
5752,33.264217,-112.11215
5753,33.66842,-112.069504
5754,33.746118,-111.754314
5755,33.4297,-111.797858
5756,33.578381,-111.900971
5757,33.458086,-112.139918
5758,33.462659,-112.229775
5759,33.386223,-112.290365
5760,33.657278,-112.235794
5761,33.761706,-112.124442
5762,33.764451,-111.968926
5763,33.304869,-112.2616
5764,33.724846,-112.218263
5765,33.642459,-112.191352
5766,33.351702,-111.920811
5767,33.240371,-111.930526
5768,33.360798,-111.969541
5769,33.747325,-112.149699
5770,33.579907,-112.077328
5771,33.632633,-112.241986
5772,33.354291,-112.164124
5773,33.631633,-111.761377
5774,33.216873,-111.712185
5775,33.425193,-111.911404
5776,33.576052,-111.749906
5777,33.287658,-111.914355
5778,33.693802,-112.280082
5779,33.341019,-111.701942
5780,33.591369,-112.240629
5781,33.443118,-111.890415
5782,33.557626,-112.148298
5783,33.26447,-112.064811
5784,33.210148,-111.912439
5785,33.745739,-112.038108
5786,33.361778,-112.149672
5787,33.691806,-112.099332
5788,33.79961,-112.095071
5789,33.326859,-111.724406
5790,33.359102,-111.820832
5791,33.597716,-112.024871
5792,33.779269,-112.180107
5793,33.749489,-111.81339
5794,33.501725,-112.205691
5795,33.677066,-112.173723
5796,33.281448,-112.080392
5797,33.786463,-111.771791
5798,33.778612,-112.220928
5799,33.298237,-112.226659
5800,33.379654,-112.003615
5801,33.260093,-112.134154
5802,33.363031,-111.958763
5803,33.689573,-112.029018
5804,33.426989,-112.039025
5805,33.253038,-112.232816
5806,33.405335,-112.21537
5807,33.78883,-111.807353
5808,33.57781,-111.76847
5809,33.449697,-112.15919
5810,33.299923,-112.231924
5811,33.791706,-112.26795
5812,33.692509,-111.935021
5813,33.368886,-111.870788
5814,33.242041,-112.076314
5815,33.233975,-111.892194
5816,33.272227,-111.872225
5817,33.548461,-111.738795
5818,33.757258,-112.261076
5819,33.498046,-112.184625
5820,33.705767,-112.258884
5821,33.467532,-111.779204
5822,33.62515,-111.824448
5823,33.639124,-111.955215
5824,33.304378,-112.249802
5825,33.41673,-112.136013
5826,33.582381,-112.121368
5827,33.242418,-111.963554
5828,33.416924,-112.145174
5829,33.52088,-112.256224
5830,33.797735,-111.861543
5831,33.48472,-112.120552
5832,33.689634,-112.028575
5833,33.45924,-112.2234
5834,33.677834,-111.818471
5835,33.557249,-111.960681
5836,33.731957,-111.759049
5837,33.446566,-112.002717
5838,33.562583,-111.735145
5839,33.578011,-111.764879
5840,33.45043,-111.954124
5841,33.286587,-111.739664
5842,33.256136,-112.106147
5843,33.210003,-112.080615
5844,33.724121,-112.272713
5845,33.341885,-111.946479
5846,33.326904,-111.866846
5847,33.641621,-111.835888
5848,33.39201,-112.21011
5849,33.503627,-112.033505
5850,33.297507,-112.193882
5851,33.775847,-111.902724
5852,33.710949,-112.205232
5853,33.718274,-111.757502
5854,33.444064,-112.161619
5855,33.657417,-112.125159
5856,33.286326,-111.789456
5857,33.205171,-112.024919
5858,33.211984,-112.285602
5859,33.551961,-112.003248
5860,33.473237,-112.249274
5861,33.510809,-111.708793
5862,33.204478,-111.947133
5863,33.453612,-112.14608
5864,33.630841,-111.961769
5865,33.465616,-112.25388
5866,33.639332,-111.820065
5867,33.339811,-111.744803
5868,33.687885,-111.775333
5869,33.553059,-112.094945
5870,33.326458,-112.104539
5871,33.342032,-112.278947
5872,33.576818,-111.90916
5873,33.697964,-111.979057
5874,33.449377,-112.024392
5875,33.35498,-111.755421
5876,33.720207,-112.199273
5877,33.601561,-112.2942
5878,33.468851,-112.25601
5879,33.49274,-112.165977
5880,33.322554,-112.280029
5881,33.576082,-111.998294
5882,33.415246,-112.111546
5883,33.797387,-112.19171
5884,33.48811,-111.84995
5885,33.491531,-112.177329
5886,33.539511,-111.887437
5887,33.750054,-112.090441
5888,33.680491,-111.992903
5889,33.470678,-111.73968
5890,33.63122,-112.277589
5891,33.551741,-111.999841
5892,33.49542,-111.787346
5893,33.315389,-111.947215
5894,33.478362,-112.133878
5895,33.347491,-112.061391
5896,33.748905,-111.891841
5897,33.401244,-111.765513
5898,33.771358,-112.27536
5899,33.519833,-112.257077
5900,33.578927,-112.104969
5901,33.525764,-112.160332
5902,33.277628,-112.141041
5903,33.425493,-112.167238
5904,33.259488,-112.182505
5905,33.573772,-112.221626
5906,33.468125,-111.739628
5907,33.666791,-112.213486
5908,33.332282,-112.177358
5909,33.29874,-112.152241
5910,33.443799,-111.740191
5911,33.755951,-111.846572
5912,33.626253,-111.82618
5913,33.451354,-112.237145
5914,33.510363,-111.798214
5915,33.250528,-112.055084
5916,33.790746,-112.142306
5917,33.599844,-111.95455
5918,33.371242,-111.80669
5919,33.551485,-111.832809
5920,33.265689,-111.766002
5921,33.779502,-111.743121
5922,33.304871,-112.157127
5923,33.588818,-112.045685
5924,33.347273,-112.291223
5925,33.630537,-111.772407
5926,33.666093,-112.207257
5927,33.604052,-111.783115
5928,33.5687,-112.102368
5929,33.735481,-112.07912
5930,33.247176,-112.276521
5931,33.398549,-112.103873
5932,33.348972,-111.766982
5933,33.792808,-112.284672
5934,33.433634,-112.056204
5935,33.639568,-112.28116
5936,33.610835,-112.077446
5937,33.327249,-112.196416
5938,33.343399,-112.148669
5939,33.368771,-111.773441
5940,33.446676,-112.03837
5941,33.340595,-112.135721
5942,33.211791,-111.946397
5943,33.727636,-112.214736
5944,33.779366,-112.144365
5945,33.404942,-111.972251
5946,33.403104,-112.157486
5947,33.204255,-111.892523
5948,33.60815,-112.005105
5949,33.695264,-111.836807
5950,33.287965,-111.731053
5951,33.2958,-112.230517
5952,33.67405,-112.099201
5953,33.569774,-112.108271
5954,33.226916,-112.20929
5955,33.573528,-111.813818
5956,33.385351,-111.844073
5957,33.421235,-112.009345
5958,33.661839,-111.977338
5959,33.686561,-112.264274
5960,33.440214,-111.966696
5961,33.768292,-111.825195
5962,33.443878,-111.955703
5963,33.663102,-112.140816
5964,33.490326,-111.899471
5965,33.738519,-112.083107
5966,33.744657,-111.973076
5967,33.25245,-112.007461
5968,33.761896,-112.071295
5969,33.695321,-111.868673
5970,33.674786,-111.769674
5971,33.320547,-112.296872
5972,33.683072,-111.73983
5973,33.71008,-111.993091
5974,33.37349,-111.879561
5975,33.771356,-111.786625
5976,33.229916,-112.019738
5977,33.289946,-111.799016
5978,33.522549,-112.193428
5979,33.545475,-112.204499
5980,33.58709,-111.905517
5981,33.210181,-111.777914
5982,33.77622,-111.764544
5983,33.226753,-111.913756
5984,33.285837,-111.984706
5985,33.208409,-112.101164
5986,33.540115,-111.712
5987,33.75936,-112.108183
5988,33.599568,-111.853488
5989,33.693594,-111.980811
5990,33.207969,-111.934893
5991,33.525209,-112.063912
5992,33.475738,-111.721106
5993,33.499381,-111.956991
5994,33.243328,-111.737327
5995,33.610661,-112.295445
5996,33.501932,-111.956398
5997,33.659089,-111.869688
5998,33.491174,-111.852952
5999,33.289629,-111.757014
6000,33.588954,-112.297359
6001,33.303432,-112.299802
6002,33.723437,-112.016642
6003,33.56787,-112.282424
6004,33.294322,-111.71528
6005,33.777403,-112.166761
6006,33.511019,-112.016401
6007,33.243739,-112.263317
6008,33.5761,-111.986771
6009,33.351919,-112.072026
6010,33.682216,-112.273204
6011,33.690693,-112.098925
6012,33.787368,-112.065138
6013,33.501122,-111.706047
6014,33.472974,-112.175268
6015,33.652085,-111.973132
6016,33.279482,-111.707611
6017,33.528149,-111.824788
6018,33.527749,-111.703979
6019,33.253684,-111.719021
6020,33.45079,-112.006276
6021,33.711971,-111.882174
6022,33.713692,-112.233734
6023,33.259543,-112.035311
6024,33.254433,-111.814589
6025,33.357617,-111.996799
6026,33.72486,-111.878381
6027,33.277342,-111.852549
6028,33.631998,-112.147919
6029,33.260699,-111.77458
6030,33.573883,-112.024107
6031,33.41364,-112.173889
6032,33.673348,-111.78075
6033,33.340214,-112.049309
6034,33.583521,-111.849813
6035,33.34141,-111.97118
6036,33.628196,-112.070877
6037,33.724207,-111.814074
6038,33.276081,-111.949318
6039,33.719957,-112.065663
6040,33.556145,-112.234241
6041,33.276266,-111.762733
6042,33.456525,-112.278718
6043,33.296516,-111.782088
6044,33.620209,-112.084023
6045,33.655321,-111.916397
6046,33.263478,-111.74668
6047,33.503684,-112.208976
6048,33.688775,-111.95983
6049,33.761698,-111.84134
6050,33.508111,-111.84545
6051,33.770168,-111.984621
6052,33.521413,-111.925156
6053,33.436514,-111.845484
6054,33.708922,-111.795383
6055,33.49579,-111.842912
6056,33.483142,-112.087597
6057,33.494187,-111.701964
6058,33.708071,-112.039298
6059,33.699165,-112.285321
6060,33.442112,-112.08243
6061,33.39998,-112.22333
6062,33.495157,-112.227134
6063,33.543664,-112.131079
6064,33.343002,-112.267975
6065,33.676373,-111.886893
6066,33.49189,-112.255607
6067,33.400427,-112.178026
6068,33.264093,-112.24426
6069,33.343307,-112.262099
6070,33.769569,-112.139349
6071,33.38306,-111.956861
6072,33.301316,-111.721189
6073,33.476404,-111.774666
6074,33.384253,-111.77444
6075,33.221096,-112.19436
6076,33.393887,-112.141056
6077,33.526465,-112.254164
6078,33.531027,-111.832919
6079,33.413935,-112.25811
6080,33.468382,-111.965983
6081,33.779311,-112.151275
6082,33.426409,-112.153933
6083,33.354936,-111.705565
6084,33.34608,-111.845932
6085,33.474659,-111.797836
6086,33.655712,-111.95681
6087,33.323593,-111.777391
6088,33.625578,-111.912706
6089,33.21269,-111.732296
6090,33.45136,-112.131197
6091,33.665519,-111.942808
6092,33.40324,-111.885921
6093,33.538242,-112.064238
6094,33.322988,-111.772175
6095,33.645197,-111.712118
6096,33.231367,-112.003738
6097,33.711526,-112.065616
6098,33.318918,-112.016837
6099,33.724639,-111.788358
6100,33.411518,-111.912719
6101,33.63361,-112.273137
6102,33.391535,-111.974698
6103,33.743547,-112.28962
6104,33.275982,-111.832879
6105,33.307112,-112.103013
6106,33.495818,-112.016796
6107,33.249163,-111.820793
6108,33.317588,-112.272131
6109,33.76626,-112.204875
6110,33.785894,-112.061224
6111,33.425756,-112.162045
6112,33.753972,-112.097259
6113,33.526895,-111.701095
6114,33.361845,-111.804751
6115,33.621439,-111.769659
6116,33.595341,-111.737767
6117,33.793475,-112.095438
6118,33.359028,-112.121754
6119,33.603236,-112.159563
6120,33.231214,-111.80193
6121,33.268188,-111.892269
6122,33.202351,-112.158297
6123,33.799676,-112.073804
6124,33.681364,-111.995973
6125,33.672034,-111.983116
6126,33.505836,-111.766763
6127,33.38004,-112.07166
6128,33.290759,-111.754886
6129,33.370805,-112.035179
6130,33.425583,-111.852176
6131,33.653786,-111.741847
6132,33.523797,-111.755455
6133,33.24649,-112.265828
6134,33.210817,-112.176577
6135,33.261399,-112.013857
6136,33.446299,-112.041067
6137,33.759916,-111.915465
6138,33.582441,-111.733175
6139,33.681096,-112.232557
6140,33.479825,-112.028885
6141,33.417,-112.184553
6142,33.26504,-111.763535
6143,33.72556,-111.721252
6144,33.669896,-112.012779
6145,33.300871,-112.237594
6146,33.507356,-111.828823
6147,33.492425,-111.881715
6148,33.575055,-112.087198
6149,33.767712,-111.767556
6150,33.547863,-111.714501
6151,33.52413,-111.965288
6152,33.230194,-111.960563
6153,33.237744,-112.121492
6154,33.312408,-111.949296
6155,33.219482,-112.036215
6156,33.646012,-112.118685
6157,33.633998,-112.259689
6158,33.281634,-112.148375
6159,33.701647,-112.181287
6160,33.292872,-111.974775
6161,33.380705,-111.938998
6162,33.349386,-111.934857
6163,33.423384,-112.067091
6164,33.352798,-112.047262
6165,33.493371,-111.799457
6166,33.444445,-112.01426
6167,33.791942,-111.707336
6168,33.233556,-112.03623
6169,33.285309,-111.910251
6170,33.231696,-112.269782
6171,33.575505,-111.907996
6172,33.232706,-111.789144
6173,33.701864,-111.734525
6174,33.507163,-111.701608
6175,33.516205,-112.130693
6176,33.536957,-111.954778
6177,33.302488,-112.029569
6178,33.318614,-111.96171
6179,33.39129,-112.205528
6180,33.556098,-111.78631
6181,33.326071,-111.754259
6182,33.269799,-112.030203
6183,33.78207,-112.131742
6184,33.213189,-112.2155
6185,33.681618,-111.889741
6186,33.672821,-112.112661
6187,33.378328,-111.754277
6188,33.281376,-111.897393
6189,33.287377,-111.912589
6190,33.618459,-111.964359
6191,33.585684,-112.272534
6192,33.669647,-111.740847
6193,33.762489,-111.923238
6194,33.615156,-111.703563
6195,33.293511,-111.977586
6196,33.346066,-111.873933
6197,33.705316,-112.266274
6198,33.325584,-111.920958
6199,33.243513,-111.84121
6200,33.621968,-111.832891
6201,33.441516,-111.837933
6202,33.752024,-112.16423
6203,33.590153,-111.714761
6204,33.254251,-111.702891
6205,33.768714,-112.254642
6206,33.355134,-111.738132
6207,33.402327,-112.12633
6208,33.441356,-111.88643
6209,33.230735,-112.097133
6210,33.497909,-111.719347
6211,33.273991,-112.239098
6212,33.440582,-112.001352
6213,33.410426,-112.043171
6214,33.663704,-112.104386
6215,33.681902,-111.91268
6216,33.292048,-112.221367
6217,33.419931,-111.870003
6218,33.424012,-111.711645
6219,33.290846,-111.817265
6220,33.679072,-111.78399
6221,33.624337,-112.084218
6222,33.314229,-112.105068
6223,33.420033,-111.989771
6224,33.263483,-112.272564
6225,33.576924,-111.732785
6226,33.272823,-112.213729
6227,33.791561,-111.758192
6228,33.668409,-112.249851
6229,33.434143,-111.806425
6230,33.547138,-112.208822
6231,33.746805,-112.277121
6232,33.53246,-111.868306
6233,33.304699,-112.131841
6234,33.427222,-111.871302
6235,33.705887,-111.966949
6236,33.586528,-112.234716
6237,33.590435,-111.740722
6238,33.720093,-112.028611
6239,33.736384,-111.859332
6240,33.751876,-111.999388
6241,33.25691,-111.937383
6242,33.526476,-112.118336
6243,33.644306,-112.179784
6244,33.654156,-111.974458
6245,33.56403,-112.035869
6246,33.300072,-112.065932
6247,33.678452,-111.89646
6248,33.632067,-111.885696
6249,33.251681,-112.272448
6250,33.478286,-112.096753
6251,33.304386,-112.052941
6252,33.402486,-112.241865
6253,33.210849,-112.158459
6254,33.440198,-112.269015
6255,33.529926,-111.702255
6256,33.57175,-111.858066
6257,33.598094,-112.24753
6258,33.701775,-112.28785
6259,33.329278,-111.868427
6260,33.272289,-112.036485
6261,33.710922,-111.827922
6262,33.293968,-111.745914
6263,33.784856,-111.94042
6264,33.705523,-112.187735
6265,33.500526,-111.830684
6266,33.788853,-111.726513
6267,33.258426,-111.951861
6268,33.381839,-111.890802
6269,33.582935,-112.097515
6270,33.410004,-112.071083
6271,33.757024,-111.859207
6272,33.239376,-111.743337
6273,33.529647,-111.922607
6274,33.55452,-111.826091
6275,33.591637,-112.197019
6276,33.3534,-112.172825
6277,33.41874,-111.980779
6278,33.706208,-112.194067
6279,33.316966,-111.919003
6280,33.696121,-112.125008
6281,33.537593,-111.82508
6282,33.657313,-111.815134
6283,33.628164,-112.021728
6284,33.324507,-112.191514
6285,33.541288,-111.911935
6286,33.720634,-111.704328
6287,33.45927,-111.926445
6288,33.779954,-112.278535
6289,33.471329,-112.289624
6290,33.285671,-112.107783
6291,33.433661,-112.18253
6292,33.771021,-111.812169
6293,33.391833,-111.793117
6294,33.720859,-112.144829
6295,33.72875,-112.104613
6296,33.410112,-112.158252
6297,33.249955,-111.75497
6298,33.634735,-111.99841
6299,33.386907,-111.906318
6300,33.669754,-112.050711
6301,33.465593,-111.921391
6302,33.49116,-112.068487
6303,33.666746,-112.096193
6304,33.429418,-111.919312
6305,33.465876,-111.945363
6306,33.425714,-112.123883
6307,33.420404,-112.210391
6308,33.515568,-112.078854
6309,33.68528,-112.050881
6310,33.417061,-111.922789
6311,33.514553,-111.751283
6312,33.602436,-112.278289
6313,33.361664,-112.153803
6314,33.366514,-112.18377
6315,33.760048,-111.998623
6316,33.634121,-112.04218
6317,33.546312,-111.862577
6318,33.588632,-112.15455
6319,33.21758,-111.943301
6320,33.570862,-111.769686
6321,33.505705,-111.753593
6322,33.52745,-111.724729
6323,33.415654,-111.836043
6324,33.248884,-111.756407
6325,33.316004,-112.159281
6326,33.770447,-112.181451
6327,33.44522,-112.296107
6328,33.48001,-111.875893
6329,33.231626,-111.73752
6330,33.22254,-112.187839
6331,33.630309,-111.917834
6332,33.522857,-111.852124
6333,33.505224,-111.743431
6334,33.345875,-111.911884
6335,33.64685,-111.717824
6336,33.300942,-112.093196
6337,33.313961,-112.090043
6338,33.476427,-111.974192
6339,33.371768,-112.069899
6340,33.348478,-112.299145
6341,33.587143,-111.860937
6342,33.590583,-111.84897
6343,33.69471,-111.851815
6344,33.450625,-112.092988
6345,33.243851,-111.986626
6346,33.3642,-112.084016
6347,33.788003,-112.290378
6348,33.557755,-111.962531
6349,33.625842,-112.225744
6350,33.204415,-112.251975
6351,33.510923,-111.846701
6352,33.222517,-112.294296
6353,33.541538,-111.724595
6354,33.752463,-111.990847
6355,33.781051,-111.71019
6356,33.524332,-112.265201
6357,33.474923,-111.949882
6358,33.76701,-112.090404
6359,33.604166,-111.793911
6360,33.23894,-112.083266
6361,33.479435,-112.143707
6362,33.344147,-111.785468
6363,33.481883,-112.075208
6364,33.473279,-112.2899
6365,33.549287,-112.065827
6366,33.414062,-111.907287
6367,33.298562,-112.147384
6368,33.502232,-112.040807
6369,33.698122,-112.265971
6370,33.598407,-111.947144
6371,33.403021,-111.846223
6372,33.761314,-112.052012
6373,33.747325,-112.04786
6374,33.325609,-112.247031
6375,33.223651,-112.178835
6376,33.644785,-112.207195
6377,33.696566,-112.010987
6378,33.780719,-111.982447
6379,33.733902,-111.730636
6380,33.560321,-112.256061
6381,33.518031,-111.940079
6382,33.216705,-111.984101
6383,33.347994,-111.99026
6384,33.475769,-111.776104
6385,33.577102,-112.176677
6386,33.534351,-112.275536
6387,33.645582,-111.896637
6388,33.36786,-112.092906
6389,33.538972,-112.289446
6390,33.252885,-112.149176
6391,33.448199,-112.114404
6392,33.650096,-111.929897
6393,33.616041,-112.196449
6394,33.794386,-112.052167
6395,33.366735,-112.010515
6396,33.498914,-112.024458
6397,33.397718,-111.715636
6398,33.464362,-112.272697
6399,33.71417,-111.729419
6400,33.610525,-111.950838
6401,33.729465,-111.822563
6402,33.322107,-112.041764
6403,33.724017,-112.027697
6404,33.235857,-111.772404
6405,33.73316,-111.762439
6406,33.397444,-112.156787
6407,33.388753,-112.180455
6408,33.507253,-112.002259
6409,33.764414,-111.759834
6410,33.228669,-112.106587
6411,33.411339,-111.908791
6412,33.713943,-111.875109
6413,33.437633,-111.832795
6414,33.319494,-111.961645
6415,33.454877,-112.058527
6416,33.431332,-111.71979
6417,33.74925,-111.933202
6418,33.657161,-111.862861
6419,33.503069,-112.09301
6420,33.793022,-111.89803
6421,33.479167,-112.145321
6422,33.234943,-112.152942
6423,33.357365,-111.871167
6424,33.461642,-111.987163
6425,33.294142,-111.890034
6426,33.768539,-112.138337
6427,33.660109,-111.940766
6428,33.360972,-112.03364
6429,33.554483,-111.941824
6430,33.632869,-112.125472
6431,33.764767,-111.870729
6432,33.728981,-111.816442
6433,33.509115,-112.14405
6434,33.664792,-112.119628
6435,33.537287,-111.903307
6436,33.531622,-111.882649
6437,33.268845,-111.87754
6438,33.275683,-111.890381
6439,33.51772,-112.064315
6440,33.361317,-112.063088
6441,33.212622,-112.147109
6442,33.633704,-112.2059
6443,33.219492,-111.884454
6444,33.557166,-112.244087
6445,33.523516,-111.737325
6446,33.781289,-111.803988
6447,33.490528,-111.785497
6448,33.238161,-111.755999
6449,33.531013,-112.054837
6450,33.704658,-111.79198
6451,33.79811,-112.205163
6452,33.458206,-112.287015
6453,33.392179,-111.829065
6454,33.743992,-112.255122
6455,33.314745,-111.706885
6456,33.569257,-111.895122
6457,33.443429,-111.84793
6458,33.224649,-112.152518
6459,33.408373,-111.895681
6460,33.359137,-112.274068
6461,33.611655,-111.797305
6462,33.769274,-112.198226
6463,33.360828,-111.881585
6464,33.68688,-112.165312
6465,33.233216,-112.258928
6466,33.522873,-112.011104
6467,33.24233,-112.198428
6468,33.76042,-111.862334
6469,33.659811,-112.15746
6470,33.59477,-112.094516
6471,33.694338,-111.959536
6472,33.588512,-112.129019
6473,33.781367,-112.073207
6474,33.628375,-111.810627
6475,33.754795,-112.192474
6476,33.510279,-112.250679
6477,33.270239,-112.102985
6478,33.516907,-112.045374
6479,33.276124,-111.974404
6480,33.555496,-112.076546
6481,33.489496,-111.826053
6482,33.573545,-112.276408
6483,33.206028,-112.040939
6484,33.316904,-112.070646
6485,33.494798,-111.911453
6486,33.770302,-111.720234
6487,33.430165,-111.993775
6488,33.454623,-111.707874
6489,33.628818,-112.11865
6490,33.562276,-112.281479
6491,33.379356,-112.200602
6492,33.44649,-112.062925
6493,33.33062,-112.1102
6494,33.779613,-112.241768
6495,33.278381,-112.040404
6496,33.423102,-112.097131
6497,33.215503,-112.226428
6498,33.333068,-112.12233
6499,33.668283,-111.768138
6500,33.320705,-112.118771
6501,33.248038,-111.871627
6502,33.484672,-111.932772
6503,33.205982,-112.043691
6504,33.25086,-112.156585
6505,33.684576,-112.078591
6506,33.662884,-111.944736
6507,33.749083,-112.089548
6508,33.712709,-112.171062
6509,33.609905,-112.230122
6510,33.2314,-111.77214
6511,33.669709,-112.035812
6512,33.707306,-111.924875
6513,33.679449,-112.005754
6514,33.505087,-111.77646
6515,33.339741,-111.971839
6516,33.707198,-112.011531
6517,33.636298,-111.745239
6518,33.788457,-111.868186
6519,33.293416,-112.23307
6520,33.335399,-112.193377
6521,33.327079,-111.827726
6522,33.675524,-111.798489
6523,33.312144,-111.972886
6524,33.239996,-111.967327
6525,33.799136,-111.92084
6526,33.21489,-112.036531
6527,33.701146,-111.891881
6528,33.41922,-112.234911
6529,33.704969,-111.723232
6530,33.532772,-111.849907
6531,33.740979,-111.921295
6532,33.755716,-112.110207
6533,33.205459,-112.203427
6534,33.245247,-112.054394
6535,33.350215,-111.903054
6536,33.601589,-111.919774
6537,33.732963,-112.070415
6538,33.475965,-111.932028
6539,33.564184,-111.811751
6540,33.3131,-112.284229
6541,33.68298,-112.029627
6542,33.780397,-111.844867
6543,33.361159,-111.972313
6544,33.496896,-111.909114
6545,33.25167,-111.989994
6546,33.535482,-111.704875
6547,33.50167,-112.267227
6548,33.286662,-112.005373
6549,33.46524,-112.24515
6550,33.400463,-112.204129
6551,33.513099,-112.070177
6552,33.551393,-112.206676
6553,33.205097,-111.721788
6554,33.656604,-111.731926
6555,33.627809,-112.098334
6556,33.419772,-111.916151
6557,33.231762,-111.979748
6558,33.65296,-111.810648
6559,33.773105,-111.923533
6560,33.344091,-112.299849
6561,33.394115,-111.842095
6562,33.310288,-111.851891
6563,33.546162,-111.994166
6564,33.292905,-111.758249
6565,33.413716,-111.754932
6566,33.618208,-111.985653
6567,33.53607,-111.935207
6568,33.431878,-111.702087
6569,33.45215,-112.120708
6570,33.537267,-112.10523
6571,33.203519,-112.190336
6572,33.247106,-111.76248
6573,33.728755,-111.853307
6574,33.246727,-112.236614
6575,33.624082,-111.71094
6576,33.752023,-111.861423
6577,33.36241,-111.789687
6578,33.422295,-112.27111
6579,33.541353,-111.997023
6580,33.729025,-111.880841
6581,33.765143,-111.974232
6582,33.643738,-111.900012
6583,33.251972,-111.809276
6584,33.601492,-112.075398
6585,33.446182,-111.790799
6586,33.482421,-112.20225
6587,33.229489,-112.137468
6588,33.314637,-112.273993
6589,33.674308,-112.081344
6590,33.472375,-112.072054
6591,33.380997,-111.816838
6592,33.430411,-111.908122
6593,33.71264,-112.037966
6594,33.649399,-111.908732
6595,33.363389,-112.26833
6596,33.270501,-112.191837
6597,33.351199,-111.923831
6598,33.752454,-111.91518
6599,33.548953,-111.835519
6600,33.520088,-112.0582
6601,33.557836,-111.866468
6602,33.419617,-111.889612
6603,33.684264,-111.721964
6604,33.513972,-112.170922
6605,33.270049,-111.968992
6606,33.277439,-111.938941
6607,33.522115,-111.700811
6608,33.761942,-112.17929
6609,33.385011,-111.986069
6610,33.721725,-112.092289
6611,33.658457,-111.984464
6612,33.348687,-112.160723
6613,33.221804,-112.271433
6614,33.261108,-111.956461
6615,33.637096,-112.098487
6616,33.319802,-112.190835
6617,33.422763,-112.105639
6618,33.501019,-112.270432
6619,33.635281,-111.729735
6620,33.267939,-111.951311
6621,33.44382,-111.811139
6622,33.491044,-112.046129
6623,33.524496,-111.758011
6624,33.691016,-112.010009
6625,33.303007,-111.955633
6626,33.684699,-112.004924
6627,33.615727,-111.860033
6628,33.533522,-111.960006
6629,33.619717,-112.137041
6630,33.447211,-112.212676
6631,33.283039,-111.936325
6632,33.599459,-112.006492
6633,33.514803,-112.242415
6634,33.583625,-112.06263
6635,33.402799,-111.991134
6636,33.74412,-111.803864
6637,33.552422,-112.254339
6638,33.251241,-112.090903
6639,33.469882,-111.806406
6640,33.653814,-111.910946
6641,33.676481,-112.126025
6642,33.496758,-111.792799
6643,33.736849,-112.004024
6644,33.360601,-112.000989
6645,33.446359,-111.714048
6646,33.739158,-111.73173
6647,33.737754,-112.08488
6648,33.611428,-112.215653
6649,33.715388,-112.1046
6650,33.253264,-112.28171
6651,33.718997,-112.287539
6652,33.392372,-112.062687
6653,33.306999,-111.735388
6654,33.343622,-111.777186
6655,33.450781,-111.993134
6656,33.350715,-111.960864
6657,33.392341,-112.29644
6658,33.280987,-112.170699
6659,33.377706,-112.285136
6660,33.54337,-111.847276
6661,33.465112,-112.212613
6662,33.408031,-111.778572
6663,33.647871,-111.914005
6664,33.736106,-112.162349
6665,33.654074,-112.205368
6666,33.3992,-111.923425
6667,33.646665,-111.759498
6668,33.291188,-111.868984
6669,33.278191,-112.090872
6670,33.407376,-111.94757
6671,33.684621,-112.113543
6672,33.347809,-111.70051
6673,33.237952,-111.850696
6674,33.279026,-111.931371
6675,33.715247,-112.046045
6676,33.58027,-111.929109
6677,33.351921,-112.09503
6678,33.533177,-112.282681
6679,33.516548,-112.062947
6680,33.593262,-111.741712
6681,33.339913,-111.924219
6682,33.718642,-112.249627
6683,33.385621,-111.769004
6684,33.616479,-112.138675
6685,33.209675,-112.153738
6686,33.423594,-112.121745
6687,33.411026,-111.953679
6688,33.526091,-111.973187
6689,33.243642,-112.005152
6690,33.674079,-111.869478
6691,33.330668,-112.110077
6692,33.606223,-111.830761
6693,33.681927,-112.194807
6694,33.537126,-111.830428
6695,33.64453,-111.901714
6696,33.597116,-111.890075
6697,33.413318,-112.011068
6698,33.685315,-111.899799
6699,33.376821,-112.252122
6700,33.542728,-111.789069
6701,33.647239,-112.266672
6702,33.427374,-112.210755
6703,33.381661,-111.953926
6704,33.475608,-111.856353
6705,33.690778,-112.254249
6706,33.757953,-111.747541
6707,33.52705,-111.715835
6708,33.59688,-111.93643
6709,33.741964,-112.011254
6710,33.259128,-111.855163
6711,33.339247,-112.102986
6712,33.62534,-112.004041
6713,33.694247,-111.750309
6714,33.714217,-111.726607
6715,33.449064,-111.743759
6716,33.253604,-112.142531
6717,33.462669,-112.160519
6718,33.338441,-112.121401
6719,33.374718,-112.035213
6720,33.663361,-112.1115
6721,33.245316,-112.075472
6722,33.696549,-111.927618
6723,33.456601,-111.842485
6724,33.557638,-111.858665
6725,33.253791,-111.811346
6726,33.402415,-112.280689
6727,33.253821,-112.27136
6728,33.776926,-111.82637
6729,33.684357,-111.980153
6730,33.47578,-111.953116
6731,33.334162,-112.268448
6732,33.760073,-112.146812
6733,33.406758,-111.916987
6734,33.296591,-111.784491
6735,33.537899,-111.74981
6736,33.766264,-111.999748
6737,33.202298,-111.972715
6738,33.342875,-111.80017
6739,33.763069,-111.977425
6740,33.302652,-111.989885
6741,33.267946,-111.75695
6742,33.542112,-111.82604
6743,33.717106,-111.754556
6744,33.486266,-112.169052
6745,33.796739,-111.985375
6746,33.607503,-111.794517
6747,33.244445,-112.233311
6748,33.795699,-111.823203
6749,33.444737,-112.190216
6750,33.372442,-111.815129
6751,33.534728,-111.932799
6752,33.382585,-112.184058
6753,33.251875,-112.015987
6754,33.200857,-111.890857
6755,33.46975,-111.919688
6756,33.702118,-112.043652
6757,33.543389,-111.76038
6758,33.799524,-111.988442
6759,33.372108,-111.99648
6760,33.368273,-112.26265
6761,33.29585,-111.746728
6762,33.298438,-112.19373
6763,33.371112,-111.982993
6764,33.675704,-111.817859
6765,33.743454,-112.170728
6766,33.785052,-111.983576
6767,33.339374,-112.155589
6768,33.728779,-111.844183
6769,33.396953,-111.961395
6770,33.267704,-111.786414
6771,33.722015,-111.763265
6772,33.581663,-111.91076
6773,33.298839,-111.864765
6774,33.457899,-111.970468
6775,33.372355,-112.069343
6776,33.642077,-111.911129
6777,33.47205,-111.755027
6778,33.793568,-112.049992
6779,33.232847,-112.111354
6780,33.413009,-112.066938
6781,33.48914,-112.038761
6782,33.50188,-112.255863
6783,33.389561,-112.000935
6784,33.637544,-112.003411
6785,33.724848,-111.946934
6786,33.763232,-112.082308
6787,33.683056,-111.932135
6788,33.710348,-111.77307
6789,33.530327,-111.726717
6790,33.695533,-111.949833
6791,33.382102,-112.274445
6792,33.439087,-111.718458
6793,33.390148,-111.876483
6794,33.480432,-112.098422
6795,33.371348,-112.211705
6796,33.776967,-112.213949
6797,33.387707,-112.199353
6798,33.258827,-112.272656
6799,33.51609,-111.758707
6800,33.234259,-111.975539
6801,33.266326,-111.880024
6802,33.331634,-111.803135
6803,33.47861,-111.825075
6804,33.459951,-111.770437
6805,33.679815,-111.719647
6806,33.643685,-112.036558
6807,33.455791,-111.729799
6808,33.400223,-111.866026
6809,33.389881,-112.257599
6810,33.664397,-111.89093
6811,33.231243,-111.88797
6812,33.207693,-111.756484
6813,33.677327,-112.076241
6814,33.486288,-111.949053
6815,33.278529,-112.292687
6816,33.34134,-112.100755
6817,33.759502,-112.262654
6818,33.715702,-111.986876
6819,33.625871,-111.809531
6820,33.489335,-112.176134
6821,33.512194,-111.983535
6822,33.785147,-112.177595
6823,33.779462,-112.227587
6824,33.329161,-111.993402
6825,33.686663,-112.252511
6826,33.318346,-111.947587
6827,33.328122,-112.281198
6828,33.605656,-112.235971
6829,33.443001,-111.970002
6830,33.758927,-111.945156
6831,33.253406,-112.282608
6832,33.506915,-111.955974
6833,33.751113,-111.796898
6834,33.742468,-111.86661
6835,33.293918,-112.221289
6836,33.419983,-111.944515
6837,33.571473,-111.896648
6838,33.295637,-112.277661
6839,33.780813,-111.786791
6840,33.74885,-111.75624
6841,33.30017,-111.789729
6842,33.272693,-111.805221
6843,33.251245,-111.853021
6844,33.745666,-111.919941
6845,33.316174,-111.892824
6846,33.449771,-111.816163
6847,33.469311,-111.902501
6848,33.559407,-112.103364
6849,33.243041,-112.074423
6850,33.336055,-111.761766
6851,33.758894,-112.289727
6852,33.745046,-111.880708
6853,33.668774,-111.727133
6854,33.211641,-111.876263
6855,33.396204,-111.703653
6856,33.576775,-111.887473
6857,33.365114,-112.279382
6858,33.745752,-111.803794
6859,33.580334,-112.129222
6860,33.243144,-112.032366
6861,33.745403,-112.112745
6862,33.77466,-112.138868
6863,33.246627,-112.041157
6864,33.519416,-112.072749
6865,33.382019,-111.919997
6866,33.435703,-111.812109
6867,33.307791,-112.121747
6868,33.546843,-112.171767
6869,33.774788,-111.899863
6870,33.501844,-111.897808
6871,33.249749,-111.759321
6872,33.572001,-112.290433
6873,33.404134,-111.788176
6874,33.713555,-111.987399
6875,33.460807,-111.927219
6876,33.315704,-112.245177
6877,33.314663,-112.040431
6878,33.661259,-112.163619
6879,33.359353,-112.147465
6880,33.66034,-111.997543
6881,33.323532,-111.812526
6882,33.393012,-111.853731
6883,33.479292,-111.9454
6884,33.765918,-111.976349
6885,33.759039,-112.043616
6886,33.324123,-111.716374
6887,33.414931,-111.963884
6888,33.28964,-112.14762
6889,33.505991,-112.161946
6890,33.47635,-111.933188
6891,33.740456,-111.986303
6892,33.758003,-112.295381
6893,33.43014,-111.801961
6894,33.495043,-111.877527
6895,33.737742,-111.902902
6896,33.684025,-112.258732
6897,33.202194,-112.082766
6898,33.392036,-111.738771
6899,33.453065,-111.782446
6900,33.33783,-112.128674
6901,33.319743,-112.205765
6902,33.222671,-112.030547
6903,33.586022,-112.086502
6904,33.357506,-111.890664
6905,33.231408,-111.720139
6906,33.338588,-112.082199
6907,33.681148,-112.262665
6908,33.710894,-111.761432
6909,33.48984,-112.27723
6910,33.449642,-111.72834
6911,33.786712,-111.901252
6912,33.320339,-111.734986
6913,33.329216,-112.180204
6914,33.37512,-112.27558
6915,33.303654,-112.007074
6916,33.427619,-112.029626
6917,33.746501,-112.101105
6918,33.569209,-111.725406
6919,33.447168,-111.80645
6920,33.760646,-111.903051
6921,33.229079,-112.202285
6922,33.326166,-111.859406
6923,33.539533,-111.863793
6924,33.569332,-112.044959
6925,33.223735,-111.745128
6926,33.441823,-112.199813
6927,33.589492,-112.139597
6928,33.618842,-112.262065
6929,33.582884,-111.822729
6930,33.392338,-111.926944
6931,33.256112,-112.111036
6932,33.456267,-112.201712
6933,33.277253,-112.275911
6934,33.768574,-112.199953
6935,33.485103,-112.028029
6936,33.390356,-112.151694
6937,33.659782,-112.144611
6938,33.498769,-111.774654
6939,33.38602,-111.990917
6940,33.687181,-111.862449
6941,33.720291,-112.278573
6942,33.603805,-112.080902
6943,33.228179,-112.012498
6944,33.539794,-112.18815
6945,33.657977,-112.227885
6946,33.281902,-111.777818
6947,33.337202,-111.736341
6948,33.729497,-112.252716
6949,33.212073,-112.090589
6950,33.651636,-111.725029
6951,33.484264,-112.250103
6952,33.468063,-111.913815
6953,33.204258,-111.716667
6954,33.691639,-111.713066
6955,33.415895,-112.017266
6956,33.524459,-112.202351
6957,33.60638,-112.178749
6958,33.621578,-111.766239
6959,33.773588,-111.75299
6960,33.518804,-111.935272
6961,33.439832,-111.840294
6962,33.772222,-111.856041
6963,33.585266,-111.902907
6964,33.37889,-111.803634
6965,33.275879,-111.888756
6966,33.705533,-111.979599
6967,33.417309,-112.157826
6968,33.596282,-111.853667
6969,33.48249,-112.015937
6970,33.319358,-112.123125
6971,33.561012,-111.818832
6972,33.23641,-111.881972
6973,33.448005,-111.737596
6974,33.527969,-112.200735
6975,33.461628,-111.910486
6976,33.649203,-112.153456
6977,33.696755,-111.75785
6978,33.662746,-112.2403
6979,33.223288,-111.906303
6980,33.316477,-111.825349
6981,33.521965,-112.087049
6982,33.760893,-111.727517
6983,33.700974,-111.789562
6984,33.705521,-112.123229
6985,33.381925,-112.295475
6986,33.457669,-112.122006
6987,33.482424,-112.131214
6988,33.294423,-111.766021
6989,33.218641,-111.719727
6990,33.768142,-112.257736
6991,33.344428,-112.017223
6992,33.343969,-111.971001
6993,33.250027,-112.244253
6994,33.757105,-112.073501
6995,33.547842,-112.109751
6996,33.600222,-111.978366
6997,33.746946,-111.903285
6998,33.407372,-111.877909
6999,33.572904,-112.217947
7000,33.22328,-111.812231
7001,33.312064,-111.892875
7002,33.698747,-111.766555
7003,33.660061,-112.030398
7004,33.410386,-111.763666
7005,33.426086,-111.780536
7006,33.520133,-112.036954
7007,33.200145,-112.071314
7008,33.344747,-111.740313
7009,33.324939,-111.870901
7010,33.35029,-111.743053
7011,33.683544,-111.821815
7012,33.367804,-111.934422
7013,33.314913,-112.230488
7014,33.502558,-112.125112
7015,33.719387,-111.718695
7016,33.34481,-112.108347
7017,33.247122,-112.244047
7018,33.413843,-111.875468
7019,33.648591,-111.859597
7020,33.530414,-112.128725
7021,33.690076,-112.121397
7022,33.775755,-112.018664
7023,33.675597,-112.286927
7024,33.562282,-111.826406
7025,33.496005,-112.109747
7026,33.224041,-111.787742
7027,33.790593,-111.818422
7028,33.430089,-111.903159
7029,33.291337,-112.105075
7030,33.600025,-111.99021
7031,33.370573,-112.033102
7032,33.551467,-112.096671
7033,33.552061,-111.791118
7034,33.467438,-112.009896
7035,33.701671,-111.800366
7036,33.35898,-112.236869
7037,33.46918,-112.215385
7038,33.522615,-111.713608
7039,33.598175,-111.947339
7040,33.670383,-111.994138
7041,33.436884,-111.986106
7042,33.587628,-112.170839
7043,33.290367,-111.868778
7044,33.759589,-112.249132
7045,33.429835,-111.956006
7046,33.637713,-111.957539
7047,33.212205,-111.751487
7048,33.323112,-111.98429
7049,33.49225,-112.217762
7050,33.726951,-111.956348
7051,33.516353,-112.245203
7052,33.757922,-112.177724
7053,33.490278,-112.281335
7054,33.494269,-111.992024
7055,33.271848,-112.24928
7056,33.681594,-112.018363
7057,33.348179,-111.740233
7058,33.739767,-111.868143
7059,33.746495,-112.253553
7060,33.765986,-112.165474
7061,33.512138,-111.895803
7062,33.606256,-111.763179
7063,33.66711,-112.280249
7064,33.278609,-111.812529
7065,33.560574,-111.962912
7066,33.220579,-111.972345
7067,33.49854,-111.725312
7068,33.292906,-111.851413
7069,33.309754,-111.789929
7070,33.419029,-112.087603
7071,33.459462,-111.967382
7072,33.573903,-111.930757
7073,33.244657,-112.10705
7074,33.502215,-111.957851
7075,33.309575,-112.158007
7076,33.544385,-112.213975
7077,33.582443,-112.075618
7078,33.534026,-111.856426
7079,33.642977,-111.750288
7080,33.401366,-112.025372
7081,33.659064,-111.914306
7082,33.45966,-112.238178
7083,33.490511,-111.757322
7084,33.588861,-111.958837
7085,33.211015,-111.831797
7086,33.592397,-111.823335
7087,33.571151,-112.146112
7088,33.385908,-111.982495
7089,33.251477,-111.723712
7090,33.254561,-112.246219
7091,33.753934,-111.89017
7092,33.613568,-111.722642
7093,33.276262,-112.119654
7094,33.414034,-111.783131
7095,33.55549,-111.739805
7096,33.701343,-111.851748
7097,33.226197,-112.161203
7098,33.34198,-112.0996
7099,33.733849,-112.278514
7100,33.205499,-111.801128
7101,33.320839,-111.790233
7102,33.775415,-111.920374
7103,33.568041,-112.088483
7104,33.357003,-112.253913
7105,33.240195,-111.848165
7106,33.216915,-111.864084
7107,33.346847,-111.752438
7108,33.728891,-111.861681
7109,33.449548,-111.802783
7110,33.6322,-111.852427
7111,33.750971,-111.921588
7112,33.444824,-112.04382
7113,33.314766,-111.75873
7114,33.510271,-111.909419
7115,33.74485,-112.060987
7116,33.682625,-112.249918
7117,33.239498,-112.125577
7118,33.615544,-111.973764
7119,33.543139,-112.134619
7120,33.744478,-112.167259
7121,33.273489,-111.983564
7122,33.520422,-112.198108
7123,33.727678,-111.819754
7124,33.446014,-112.009379
7125,33.489197,-111.955682
7126,33.242276,-112.21157
7127,33.366886,-112.105254
7128,33.394704,-112.053946
7129,33.767073,-111.815072
7130,33.3696,-111.837904
7131,33.476521,-112.166214
7132,33.602783,-111.930293
7133,33.29731,-112.153926
7134,33.491865,-111.707052
7135,33.643123,-111.728726
7136,33.720113,-111.962041
7137,33.575756,-111.880658
7138,33.601432,-111.819142
7139,33.27577,-111.867401
7140,33.767466,-111.880103
7141,33.279544,-111.724868
7142,33.664804,-111.942126
7143,33.35889,-111.918218
7144,33.760156,-111.790439
7145,33.631976,-111.898065
7146,33.652288,-111.86024
7147,33.331436,-112.159499
7148,33.465824,-112.07724
7149,33.570688,-112.211619
7150,33.661984,-111.996541
7151,33.262376,-112.026564
7152,33.777419,-111.701702
7153,33.734132,-111.933275
7154,33.362209,-111.828133
7155,33.693656,-112.099591
7156,33.510994,-111.801073
7157,33.477084,-111.930949
7158,33.38866,-111.881805
7159,33.548581,-112.123342
7160,33.637933,-111.970817
7161,33.44656,-111.919578
7162,33.577532,-111.946543
7163,33.619588,-111.750884
7164,33.626673,-111.761036
7165,33.23118,-111.71741
7166,33.715849,-111.899543
7167,33.474952,-111.716852
7168,33.35745,-111.800513
7169,33.345059,-112.137501
7170,33.489808,-112.043539
7171,33.732099,-112.156965
7172,33.427009,-112.297482
7173,33.649835,-112.187171
7174,33.258091,-112.297564
7175,33.485634,-111.868097
7176,33.795012,-112.044679
7177,33.662263,-112.112455
7178,33.326317,-111.842967
7179,33.500865,-111.800508
7180,33.340175,-111.71482
7181,33.445737,-111.914792
7182,33.66805,-112.023083
7183,33.662735,-112.116841
7184,33.33686,-112.166609
7185,33.753334,-112.172244
7186,33.555541,-112.054486
7187,33.427955,-111.704928
7188,33.501161,-112.299488
7189,33.563043,-112.181676
7190,33.535934,-112.186964
7191,33.491843,-111.869728
7192,33.50296,-112.088509
7193,33.305847,-112.025644
7194,33.68764,-112.210826
7195,33.525056,-112.057002
7196,33.278648,-112.23808
7197,33.659694,-111.980174
7198,33.759466,-112.241237
7199,33.768384,-111.825695
7200,33.421411,-111.960039
7201,33.28131,-111.865619
7202,33.51104,-112.04889
7203,33.267566,-112.071105
7204,33.760392,-112.241075
7205,33.310148,-111.985687
7206,33.35166,-111.991299
7207,33.443982,-112.019139
7208,33.429899,-111.855689
7209,33.676798,-111.800497
7210,33.47379,-111.849526
7211,33.302461,-112.213681
7212,33.360326,-111.926764
7213,33.505468,-112.251806
7214,33.288472,-111.883227
7215,33.566993,-112.070897
7216,33.539448,-112.220501
7217,33.628821,-111.782769
7218,33.762623,-111.931595
7219,33.747353,-112.087165
7220,33.767645,-112.281564
7221,33.346829,-111.977614
7222,33.278939,-111.746064
7223,33.381366,-111.942172
7224,33.737051,-111.71701
7225,33.783232,-112.218129
7226,33.715595,-111.959017
7227,33.266011,-111.821125
7228,33.768457,-111.984676
7229,33.454015,-112.24536
7230,33.205586,-111.950268
7231,33.465436,-111.932957
7232,33.227642,-111.862774
7233,33.526327,-111.843273
7234,33.403132,-111.837536
7235,33.484061,-111.901933
7236,33.567902,-112.170513
7237,33.721281,-112.057459
7238,33.597141,-111.834322
7239,33.460429,-111.727944
7240,33.691657,-112.252632
7241,33.743349,-111.978678
7242,33.271856,-112.112487
7243,33.51916,-112.164764
7244,33.370707,-111.996514
7245,33.228237,-111.936346
7246,33.601128,-112.294137
7247,33.717662,-111.831876
7248,33.297742,-111.808071
7249,33.687448,-111.720694
7250,33.712037,-112.191614
7251,33.748604,-111.943268
7252,33.359171,-112.044025
7253,33.742372,-112.099103
7254,33.392398,-111.96062
7255,33.531403,-111.83057
7256,33.230304,-112.286168
7257,33.226329,-111.71836
7258,33.632224,-111.814071
7259,33.466688,-111.849308
7260,33.353775,-111.843768
7261,33.314248,-112.066564
7262,33.601972,-111.849028
7263,33.200241,-112.067938
7264,33.683535,-111.760776
7265,33.24755,-112.193667
7266,33.314894,-112.124592
7267,33.431742,-111.969197
7268,33.490915,-112.108473
7269,33.412997,-112.045458
7270,33.392427,-112.004546
7271,33.77835,-111.786188
7272,33.584948,-111.986085
7273,33.21406,-112.082524
7274,33.458106,-112.151358
7275,33.725005,-112.054794
7276,33.380874,-111.990558
7277,33.256734,-111.852331
7278,33.655031,-112.227371
7279,33.563608,-112.167034
7280,33.542188,-112.072208
7281,33.232146,-112.083761
7282,33.284299,-112.064951
7283,33.57353,-111.823887
7284,33.324694,-112.105507
7285,33.502442,-111.998861
7286,33.526929,-111.925656
7287,33.370104,-112.160693
7288,33.769055,-111.868783
7289,33.705478,-111.971733
7290,33.633424,-112.031931
7291,33.246796,-111.81413
7292,33.263678,-112.153903
7293,33.495669,-111.770094
7294,33.296428,-111.963371
7295,33.786959,-111.934495
7296,33.295112,-111.774965
7297,33.492481,-111.80945
7298,33.418473,-111.939063
7299,33.583632,-111.848087
7300,33.277422,-112.040008
7301,33.45819,-111.971573
7302,33.364823,-112.262758
7303,33.732651,-112.246085
7304,33.224351,-111.802345
7305,33.748236,-112.264197
7306,33.699796,-112.198361
7307,33.378542,-111.8225
7308,33.673574,-112.299312
7309,33.218728,-112.130557
7310,33.780119,-111.949577
7311,33.515957,-111.94273
7312,33.381969,-111.833708
7313,33.41755,-111.996444
7314,33.239843,-111.994359
7315,33.79361,-111.864814
7316,33.223575,-112.000825
7317,33.592944,-111.934905
7318,33.465642,-111.761336
7319,33.76935,-112.059129
7320,33.3476,-112.068925
7321,33.519252,-112.297871
7322,33.489414,-111.931944
7323,33.62172,-112.282137
7324,33.240806,-111.997511
7325,33.316273,-111.81746
7326,33.328739,-111.970047
7327,33.64289,-112.138218
7328,33.313483,-111.828299
7329,33.544095,-112.13817
7330,33.329146,-111.860181
7331,33.716975,-111.933845
7332,33.765311,-112.198002
7333,33.511096,-111.75692
7334,33.411385,-112.179614
7335,33.340435,-111.706248
7336,33.229869,-112.295614
7337,33.3611,-112.14191
7338,33.592541,-112.180084
7339,33.52017,-112.291604
7340,33.766425,-111.860579
7341,33.437766,-111.883945
7342,33.616318,-111.824589
7343,33.493594,-112.145981
7344,33.507546,-112.033399
7345,33.360665,-111.904532
7346,33.47297,-112.036139
7347,33.482471,-111.881605
7348,33.623986,-111.919616
7349,33.764384,-112.231211
7350,33.397593,-111.831374
7351,33.22532,-111.867594
7352,33.497777,-111.906499
7353,33.526677,-112.206944
7354,33.301064,-112.139202
7355,33.656279,-112.064094
7356,33.790957,-112.132042
7357,33.767465,-112.163314
7358,33.318264,-111.816785
7359,33.725218,-111.917061
7360,33.622696,-111.960717
7361,33.472308,-112.164428
7362,33.524367,-111.749154
7363,33.70976,-112.18529
7364,33.488081,-111.823029
7365,33.423924,-111.719996
7366,33.495948,-111.863744
7367,33.547478,-111.704285
7368,33.313447,-111.909369
7369,33.740545,-112.169524
7370,33.604512,-112.177708
7371,33.579961,-112.105261
7372,33.259698,-112.295722
7373,33.562504,-111.890981
7374,33.272576,-112.138799
7375,33.247219,-111.81089
7376,33.516387,-112.084496
7377,33.441671,-112.012026
7378,33.553286,-111.720587
7379,33.253533,-112.154697
7380,33.45859,-111.867248
7381,33.304872,-111.846929
7382,33.79226,-112.167401
7383,33.53669,-111.999402
7384,33.612462,-112.089879
7385,33.395251,-111.836856
7386,33.256843,-111.92651
7387,33.785523,-112.01441
7388,33.371755,-111.832382
7389,33.454285,-112.158907
7390,33.589918,-111.847827
7391,33.214818,-111.780775
7392,33.686155,-111.772827
7393,33.521947,-111.829796
7394,33.36693,-112.055191
7395,33.236965,-111.710915
7396,33.297499,-112.072244
7397,33.73702,-111.916825
7398,33.611615,-112.203355
7399,33.349941,-111.711731
7400,33.23936,-111.877608
7401,33.614369,-111.847973
7402,33.543445,-112.260534
7403,33.442712,-111.841949
7404,33.418167,-111.835166
7405,33.330089,-111.896936
7406,33.601767,-112.124854
7407,33.782401,-112.006186
7408,33.305429,-112.233739
7409,33.55827,-112.017048
7410,33.454511,-112.153706
7411,33.468013,-112.090542
7412,33.352488,-112.20244
7413,33.695081,-112.161967
7414,33.491153,-112.254059
7415,33.526044,-111.748059
7416,33.382857,-111.981754
7417,33.309085,-112.061955
7418,33.251546,-111.978982
7419,33.628471,-111.923024
7420,33.317741,-111.746873
7421,33.614045,-112.192784
7422,33.434226,-112.122669
7423,33.449465,-111.714526
7424,33.481506,-112.077284
7425,33.420625,-112.286463
7426,33.260372,-112.211414
7427,33.385779,-112.284197
7428,33.598241,-111.706046
7429,33.599471,-112.132677
7430,33.371735,-111.745874
7431,33.476062,-111.702468
7432,33.316068,-111.940095
7433,33.326223,-112.280082
7434,33.213828,-112.251045
7435,33.738048,-112.011047
7436,33.326424,-112.056297
7437,33.33652,-111.936294
7438,33.367761,-112.036691
7439,33.276445,-111.739554
7440,33.583558,-111.979156
7441,33.245086,-111.883764
7442,33.280521,-111.762109
7443,33.586854,-112.211877
7444,33.403796,-112.162159
7445,33.624769,-112.235609
7446,33.534455,-112.216217
7447,33.353613,-111.99245
7448,33.590497,-112.107292
7449,33.269764,-112.046096
7450,33.521846,-111.710506
7451,33.462289,-112.205977
7452,33.360724,-111.975513
7453,33.562403,-112.240677
7454,33.7228,-112.108902
7455,33.799343,-111.983484
7456,33.564658,-111.732021
7457,33.442824,-112.065263
7458,33.335124,-112.261056
7459,33.354258,-112.067103
7460,33.487673,-112.212555
7461,33.420367,-112.162006
7462,33.748289,-111.929146
7463,33.420977,-112.259546
7464,33.424067,-112.021166
7465,33.430121,-111.934323
7466,33.701972,-112.046885
7467,33.590473,-112.288524
7468,33.568501,-111.708688
7469,33.400486,-112.079731
7470,33.690743,-111.832854
7471,33.223018,-112.104612
7472,33.722478,-112.01499
7473,33.50765,-112.066922
7474,33.43895,-112.094476
7475,33.4983,-112.286889
7476,33.600449,-112.083987
7477,33.207659,-111.766306
7478,33.722931,-111.885764
7479,33.468044,-112.212746
7480,33.40578,-111.945307
7481,33.282947,-111.764661
7482,33.463679,-111.87998
7483,33.497794,-112.210789
7484,33.442188,-111.779301
7485,33.607196,-112.119074
7486,33.452538,-112.027554
7487,33.776851,-111.984314
7488,33.559567,-111.789696
7489,33.684487,-111.741036
7490,33.265614,-111.742208
7491,33.438375,-112.295227
7492,33.402109,-111.746867
7493,33.541689,-112.267368
7494,33.716668,-112.140536
7495,33.247003,-111.991007
7496,33.243545,-112.012045
7497,33.710191,-111.937174
7498,33.32771,-112.012332
7499,33.601252,-111.739375
7500,33.525727,-112.155671
7501,33.699736,-112.135585
7502,33.275053,-111.747557
7503,33.27787,-112.253956
7504,33.534091,-111.934264
7505,33.767827,-111.890958
7506,33.448999,-111.996675
7507,33.396165,-111.883461
7508,33.564014,-112.196347
7509,33.758269,-111.788421
7510,33.702157,-112.215985
7511,33.79729,-112.059513
7512,33.213541,-112.254845
7513,33.267715,-111.972873
7514,33.565681,-111.898153
7515,33.692346,-111.735267
7516,33.371147,-111.856398
7517,33.343527,-111.975338
7518,33.672185,-111.74043
7519,33.233829,-112.012938
7520,33.42163,-111.963277
7521,33.503486,-111.942341
7522,33.536209,-112.054012
7523,33.637169,-111.79691
7524,33.412907,-112.188894
7525,33.567611,-111.967095
7526,33.551225,-111.86666
7527,33.52857,-111.757614
7528,33.58429,-111.769649
7529,33.35567,-111.994756
7530,33.250789,-111.914103
7531,33.271563,-112.063457
7532,33.334749,-112.019093
7533,33.500119,-111.756241
7534,33.704266,-111.741578
7535,33.620776,-111.762752
7536,33.673424,-112.216977
7537,33.410585,-111.78995
7538,33.442792,-111.730982
7539,33.436209,-112.08325
7540,33.315124,-111.988812
7541,33.23673,-111.832543
7542,33.55455,-111.962753
7543,33.79353,-111.70391
7544,33.300098,-112.026572
7545,33.228011,-111.871634
7546,33.667719,-111.824445
7547,33.351552,-112.00354
7548,33.697786,-111.78581
7549,33.622362,-111.972307
7550,33.767404,-112.05301
7551,33.445356,-112.235306
7552,33.597182,-112.063952
7553,33.478913,-111.859638
7554,33.578353,-111.747228
7555,33.469759,-112.148992
7556,33.313179,-112.086859
7557,33.504738,-112.207623
7558,33.517151,-111.885566
7559,33.686362,-111.723887
7560,33.641312,-111.915429
7561,33.598275,-111.929754
7562,33.268032,-111.967906
7563,33.63237,-112.246927
7564,33.500183,-111.862298
7565,33.73646,-111.93877
7566,33.751923,-111.903114
7567,33.233094,-111.760713
7568,33.692385,-111.829624
7569,33.222618,-111.831451
7570,33.420302,-111.74369
7571,33.52538,-111.706039
7572,33.28886,-111.95123
7573,33.647788,-112.234671
7574,33.205013,-112.024522
7575,33.301159,-111.827439
7576,33.548478,-112.283365
7577,33.628633,-112.265868
7578,33.749986,-112.259705
7579,33.623298,-111.861379
7580,33.603068,-111.9993
7581,33.436605,-112.078661
7582,33.200771,-112.23663
7583,33.272096,-111.860656
7584,33.520733,-112.107388
7585,33.605078,-112.140806
7586,33.450469,-111.908608
7587,33.638407,-111.964593
7588,33.513117,-112.082554
7589,33.244506,-111.915108
7590,33.31521,-112.137267
7591,33.703999,-111.823102
7592,33.634948,-112.162409
7593,33.736857,-112.204697
7594,33.270534,-111.830536
7595,33.794134,-111.875265
7596,33.325644,-112.190417
7597,33.207068,-112.230253
7598,33.798454,-111.796961
7599,33.368644,-111.834041
7600,33.600812,-112.103646
7601,33.306009,-111.905082
7602,33.548137,-112.225504
7603,33.742421,-111.995771
7604,33.392109,-112.288762
7605,33.602152,-112.065039
7606,33.312742,-112.255094
7607,33.574877,-112.014912
7608,33.40187,-112.046991
7609,33.326725,-112.033369
7610,33.387909,-112.272801
7611,33.307305,-112.08303
7612,33.74115,-111.84611
7613,33.438312,-112.078651
7614,33.347168,-111.870897
7615,33.469045,-112.078313
7616,33.392322,-112.046056
7617,33.646652,-111.961665
7618,33.782732,-111.729591
7619,33.46282,-112.234684
7620,33.71662,-112.280252
7621,33.539518,-111.935226
7622,33.294341,-111.730542
7623,33.614374,-111.706166
7624,33.508061,-112.009501
7625,33.590364,-112.019151
7626,33.733812,-111.913022
7627,33.464261,-111.966619
7628,33.740707,-111.919547
7629,33.650401,-111.7756
7630,33.493163,-111.852216
7631,33.561933,-112.001874
7632,33.395349,-112.022881
7633,33.790158,-111.916239
7634,33.600411,-112.026576
7635,33.226308,-112.025332
7636,33.395973,-112.290216
7637,33.573989,-112.195562
7638,33.2338,-112.006892
7639,33.214331,-111.806408
7640,33.470015,-112.132764
7641,33.399614,-111.986414
7642,33.462979,-112.093023
7643,33.357616,-112.237118
7644,33.298831,-111.725021
7645,33.613486,-111.787196
7646,33.508743,-112.252905
7647,33.320093,-111.868128
7648,33.391754,-112.091452
7649,33.555085,-111.70309
7650,33.243338,-112.118561
7651,33.288472,-112.156757
7652,33.243947,-111.959266
7653,33.68739,-111.798924
7654,33.651446,-112.184489
7655,33.651988,-111.874358
7656,33.629795,-112.263156
7657,33.601631,-111.748639
7658,33.486195,-112.251355
7659,33.585367,-111.751461
7660,33.223017,-112.005516
7661,33.572879,-112.031145
7662,33.666727,-111.716016
7663,33.500215,-111.705769
7664,33.414508,-111.909893
7665,33.366456,-112.223728
7666,33.585681,-111.996298
7667,33.615681,-111.982502
7668,33.722581,-111.991332
7669,33.4054,-111.958305
7670,33.661863,-112.288765
7671,33.536813,-111.873264
7672,33.729702,-111.872563
7673,33.516687,-112.230718
7674,33.510578,-111.957856
7675,33.546726,-111.958983
7676,33.649589,-111.89053
7677,33.778814,-112.248761
7678,33.244138,-111.924098
7679,33.232061,-112.131549
7680,33.76253,-111.995798
7681,33.517925,-111.836006
7682,33.568942,-111.876612
7683,33.489454,-112.228658
7684,33.256194,-111.945289
7685,33.660854,-111.71853
7686,33.648335,-112.205938
7687,33.387022,-111.788256
7688,33.383744,-111.878471
7689,33.702705,-111.835598
7690,33.243414,-112.130825
7691,33.728663,-112.127267
7692,33.353997,-111.756388
7693,33.555791,-112.084101
7694,33.761597,-112.262191
7695,33.606874,-111.939642
7696,33.448658,-112.225109
7697,33.613721,-111.822042
7698,33.406388,-111.914952
7699,33.366355,-111.775164
7700,33.79801,-111.829098
7701,33.650474,-112.232732
7702,33.586832,-112.071358
7703,33.413174,-111.835264
7704,33.229496,-112.049595
7705,33.218634,-111.716581
7706,33.532509,-111.858556
7707,33.65722,-112.2907
7708,33.522428,-111.772009
7709,33.704471,-112.239517
7710,33.220056,-112.215686
7711,33.420051,-111.859305
7712,33.342242,-111.781019
7713,33.468364,-111.97819
7714,33.243426,-112.12657
7715,33.772479,-112.089211
7716,33.333953,-112.094266
7717,33.753385,-112.103993
7718,33.455536,-112.154254
7719,33.791314,-111.93468
7720,33.532435,-111.759757
7721,33.7585,-112.115751
7722,33.203209,-112.187983
7723,33.648943,-111.796853
7724,33.74183,-111.85493
7725,33.283832,-111.741498
7726,33.257676,-112.200688
7727,33.454744,-112.213449
7728,33.760207,-111.975142
7729,33.525432,-111.93134
7730,33.516474,-112.011896
7731,33.284676,-111.94062
7732,33.200474,-112.191772
7733,33.686084,-112.012232
7734,33.252545,-111.905144
7735,33.58031,-112.040376
7736,33.74877,-111.892332
7737,33.325191,-112.029285
7738,33.599164,-112.09984
7739,33.247219,-112.117837
7740,33.562253,-112.053459
7741,33.298359,-112.286146
7742,33.641572,-111.898885
7743,33.380739,-111.792937
7744,33.478035,-112.087224
7745,33.559658,-112.27238
7746,33.302764,-111.707935
7747,33.644983,-112.141781
7748,33.381584,-112.224027
7749,33.597423,-112.078148
7750,33.29497,-111.856866
7751,33.612871,-112.12365
7752,33.276913,-111.955178
7753,33.455214,-112.050664
7754,33.348324,-112.229342
7755,33.649025,-112.101828
7756,33.357221,-111.865078
7757,33.72903,-111.932798
7758,33.735092,-112.228133
7759,33.317865,-112.202007
7760,33.568308,-111.91556
7761,33.252631,-111.811951
7762,33.434922,-112.090315
7763,33.627993,-111.942814
7764,33.595654,-112.197614
7765,33.57482,-112.113174
7766,33.369525,-112.287838
7767,33.426815,-111.839034
7768,33.261768,-112.059394
7769,33.631414,-111.810325
7770,33.502333,-111.874976
7771,33.625259,-111.802753
7772,33.349366,-112.128605
7773,33.394663,-112.188935
7774,33.400529,-111.716857
7775,33.215445,-111.869603
7776,33.404629,-111.799575
7777,33.681983,-112.29212
7778,33.738379,-112.087323
7779,33.510931,-111.85431
7780,33.473301,-112.25321
7781,33.218495,-111.959596
7782,33.727523,-112.042556
7783,33.207806,-112.28943
7784,33.76685,-112.158415
7785,33.49353,-112.129125
7786,33.405161,-112.232884
7787,33.754531,-111.921078
7788,33.214635,-112.154561
7789,33.548855,-112.133428
7790,33.52936,-111.761057
7791,33.331592,-112.019726
7792,33.457332,-112.064723
7793,33.591358,-111.865677
7794,33.636279,-111.754232
7795,33.20043,-112.284978
7796,33.762112,-112.031057
7797,33.298715,-111.933531
7798,33.340148,-112.108862
7799,33.358084,-111.836555
7800,33.222692,-111.717114
7801,33.273831,-111.733944
7802,33.79181,-112.14041
7803,33.38913,-112.164197
7804,33.269181,-111.725506
7805,33.264195,-112.024823
7806,33.631676,-112.175021
7807,33.712741,-111.875802
7808,33.354171,-112.129348
7809,33.212546,-112.139652
7810,33.333854,-111.772451
7811,33.233909,-112.202513
7812,33.262037,-112.261364
7813,33.458905,-112.138488
7814,33.337951,-111.935833
7815,33.509568,-112.226147
7816,33.352096,-112.017043
7817,33.764322,-111.923598
7818,33.743566,-111.790758
7819,33.540084,-112.162078
7820,33.412654,-111.809592
7821,33.428688,-112.159056
7822,33.447111,-111.89394
7823,33.636548,-112.041596
7824,33.470983,-112.231191
7825,33.714038,-111.871442
7826,33.766457,-112.169342
7827,33.401568,-112.194026
7828,33.536417,-112.085006
7829,33.257034,-111.908026
7830,33.320281,-112.159602
7831,33.448079,-112.189803
7832,33.323722,-112.294028
7833,33.725936,-112.017014
7834,33.294972,-112.042813
7835,33.473396,-112.159679
7836,33.56342,-112.267809
7837,33.615118,-112.042446
7838,33.429842,-111.827077
7839,33.721459,-111.870831
7840,33.540991,-111.783523
7841,33.463705,-112.29425
7842,33.240344,-111.720148
7843,33.478814,-112.095153
7844,33.692442,-111.705761
7845,33.568725,-112.148428
7846,33.699297,-112.017078
7847,33.496407,-112.087643
7848,33.271077,-112.086544
7849,33.208184,-111.794631
7850,33.381932,-111.852149
7851,33.618794,-111.704709
7852,33.674156,-111.931891
7853,33.377452,-112.022046
7854,33.497392,-112.245956
7855,33.452671,-111.702063
7856,33.446314,-111.969082
7857,33.338809,-111.879714
7858,33.281823,-112.055955
7859,33.318013,-111.971371
7860,33.233199,-111.734453
7861,33.318878,-112.200148
7862,33.205521,-112.124576
7863,33.576355,-112.208764
7864,33.389825,-111.82467
7865,33.783887,-112.262773
7866,33.31623,-112.251021
7867,33.407497,-112.120904
7868,33.414705,-111.991487
7869,33.205071,-112.056235
7870,33.703525,-112.27311
7871,33.219197,-111.725505
7872,33.764108,-111.728278
7873,33.735245,-112.132386
7874,33.521313,-111.861085
7875,33.526157,-111.952855
7876,33.592267,-112.157514
7877,33.43223,-112.142697
7878,33.588333,-112.005308
7879,33.226861,-112.048458
7880,33.232429,-112.125262
7881,33.474338,-111.815493
7882,33.529773,-112.011122
7883,33.732691,-111.907091
7884,33.262796,-112.186436
7885,33.693589,-111.979895
7886,33.326028,-112.109214
7887,33.43645,-111.984152
7888,33.389961,-111.831504
7889,33.440093,-111.838652
7890,33.290297,-112.087468
7891,33.502142,-111.883434
7892,33.680986,-111.735226
7893,33.46492,-111.924598
7894,33.494368,-112.210954
7895,33.709261,-111.892175
7896,33.623635,-112.237057
7897,33.494273,-111.776734
7898,33.354617,-111.990004
7899,33.730956,-112.068916
7900,33.546212,-112.265796
7901,33.332689,-112.07153
7902,33.361472,-111.758076
7903,33.68188,-112.28741
7904,33.226487,-112.015211
7905,33.795255,-111.741305
7906,33.278211,-112.063095
7907,33.677641,-112.043095
7908,33.436865,-111.952864
7909,33.49533,-112.022238
7910,33.72839,-112.198839
7911,33.447747,-112.288867
7912,33.522496,-111.934113
7913,33.22958,-111.747516
7914,33.201408,-112.236182
7915,33.34688,-112.173428
7916,33.60835,-112.077862
7917,33.272759,-111.814755
7918,33.268257,-112.138444
7919,33.446576,-111.770767
7920,33.588702,-112.267025
7921,33.627243,-111.735426
7922,33.30707,-111.963552
7923,33.247753,-111.904733
7924,33.764238,-112.079386
7925,33.3564,-111.830803
7926,33.712008,-112.20006
7927,33.718095,-112.270653
7928,33.663514,-112.06269
7929,33.3013,-111.787783
7930,33.693081,-111.847044
7931,33.66155,-111.989706
7932,33.558034,-111.956717
7933,33.402321,-112.222064
7934,33.357505,-111.795591
7935,33.273134,-111.827824
7936,33.505854,-111.906118
7937,33.551157,-112.020285
7938,33.415603,-111.721324
7939,33.485215,-111.772581
7940,33.418109,-111.913342
7941,33.584604,-112.076919
7942,33.740756,-111.929187
7943,33.298352,-111.954735
7944,33.428845,-112.063455
7945,33.284521,-112.115996
7946,33.574966,-112.055794
7947,33.637322,-111.955653
7948,33.759148,-112.043119
7949,33.367323,-112.141855
7950,33.770127,-111.843422
7951,33.237958,-111.98112
7952,33.561808,-112.259395
7953,33.23428,-112.07901
7954,33.736265,-111.769052
7955,33.517885,-111.846858
7956,33.601609,-112.106052
7957,33.698944,-111.73709
7958,33.290186,-112.254038
7959,33.223155,-111.723259
7960,33.727329,-112.152577
7961,33.38896,-112.294543
7962,33.277387,-112.039715
7963,33.481077,-112.084618
7964,33.558984,-111.976547
7965,33.218582,-111.821936
7966,33.364937,-111.794542
7967,33.21968,-112.059262
7968,33.452201,-112.042093
7969,33.73706,-112.211093
7970,33.789591,-112.271471
7971,33.582229,-111.915271
7972,33.296983,-112.261337
7973,33.74351,-111.859702
7974,33.509749,-111.976546
7975,33.29225,-112.18085
7976,33.753036,-111.976286
7977,33.654481,-112.190201
7978,33.639023,-112.036758
7979,33.625508,-111.820264
7980,33.320204,-112.022848
7981,33.326604,-112.21078
7982,33.612976,-111.865703
7983,33.331834,-112.187939
7984,33.463203,-111.85687
7985,33.669201,-112.012389
7986,33.670372,-112.027755
7987,33.471957,-111.789139
7988,33.675314,-111.874838
7989,33.703173,-112.280254
7990,33.592865,-112.122295
7991,33.337056,-111.777448
7992,33.364407,-112.289004
7993,33.388905,-111.972848
7994,33.270082,-111.863305
7995,33.363896,-111.926886
7996,33.325712,-111.843681
7997,33.473197,-111.864585
7998,33.745063,-111.884782
7999,33.262688,-111.807076
8000,33.632161,-111.912586
8001,33.61237,-112.058549
8002,33.257453,-112.016855
8003,33.753543,-111.869965
8004,33.541083,-111.774216
8005,33.418235,-112.136669
8006,33.653923,-112.094754
8007,33.354419,-111.741556
8008,33.616106,-111.952893
8009,33.223827,-112.192623
8010,33.703645,-111.901783
8011,33.468903,-111.705543
8012,33.582016,-111.805928
8013,33.332743,-111.852555
8014,33.606244,-112.175172
8015,33.663344,-111.774316
8016,33.483928,-111.984527
8017,33.570636,-111.766426
8018,33.473796,-112.102103
8019,33.736455,-112.262769
8020,33.498722,-112.014414
8021,33.705085,-112.138097
8022,33.680811,-111.870862
8023,33.446303,-111.725736
8024,33.338051,-111.885416
8025,33.443649,-111.76784
8026,33.69573,-112.028186
8027,33.33658,-111.837016
8028,33.514662,-111.794174
8029,33.683658,-111.873475
8030,33.412086,-111.995334
8031,33.585326,-111.92448
8032,33.347379,-111.879696
8033,33.265568,-112.148149
8034,33.676631,-111.814252
8035,33.259381,-111.729805
8036,33.362829,-112.020856
8037,33.713066,-111.87936
8038,33.407882,-111.857784
8039,33.783827,-111.902651
8040,33.787841,-111.971731
8041,33.360966,-111.771011
8042,33.224587,-112.030644
8043,33.623038,-112.263338
8044,33.470592,-111.793266
8045,33.260452,-111.895611
8046,33.624514,-111.790445
8047,33.218705,-112.216872
8048,33.722118,-112.281548
8049,33.283192,-111.739375
8050,33.276387,-112.211363
8051,33.305403,-111.814209
8052,33.77616,-111.806074
8053,33.615902,-111.874777
8054,33.680823,-112.221243
8055,33.438581,-111.899561
8056,33.401788,-111.766548
8057,33.34069,-112.044681
8058,33.488389,-112.05189
8059,33.531097,-112.034285
8060,33.579065,-112.250637
8061,33.354271,-111.764785
8062,33.769192,-111.77849
8063,33.301855,-111.701254
8064,33.779392,-111.94889
8065,33.208914,-111.849285
8066,33.488675,-112.178397
8067,33.400021,-111.899483
8068,33.469474,-111.91016
8069,33.542399,-111.759275
8070,33.461353,-111.801524
8071,33.448908,-111.73692
8072,33.639634,-111.7787
8073,33.611526,-111.778784
8074,33.699963,-112.261766
8075,33.349975,-111.792423
8076,33.565717,-111.935513
8077,33.551117,-112.071733
8078,33.421843,-112.266091
8079,33.491635,-111.893396
8080,33.388269,-112.103079
8081,33.285107,-112.019334
8082,33.328281,-111.890963
8083,33.263308,-111.752935
8084,33.609842,-111.804738
8085,33.596436,-112.029642
8086,33.770364,-112.06733
8087,33.637807,-112.156132
8088,33.231228,-112.076544
8089,33.730547,-112.233372
8090,33.717605,-111.717337
8091,33.465992,-111.95565
8092,33.551518,-112.223316
8093,33.785647,-112.088316
8094,33.519383,-111.971777
8095,33.743193,-111.980269
8096,33.249823,-112.278698
8097,33.314631,-111.729495
8098,33.464453,-112.134775
8099,33.550854,-112.290289
8100,33.689737,-112.254134
8101,33.792957,-111.951883
8102,33.433311,-112.217329
8103,33.228449,-112.274965
8104,33.680703,-112.072224
8105,33.562628,-111.926343
8106,33.319126,-112.232896
8107,33.496897,-112.112003
8108,33.645386,-112.049344
8109,33.662247,-112.204324
8110,33.499771,-111.996356
8111,33.383129,-112.248872
8112,33.784246,-112.272089
8113,33.598018,-111.988099
8114,33.444943,-112.151262
8115,33.368278,-112.242776
8116,33.638662,-112.045652
8117,33.34531,-111.750916
8118,33.303026,-111.865485
8119,33.5179,-111.81063
8120,33.373992,-111.776852
8121,33.577343,-111.716423
8122,33.270763,-111.842052
8123,33.592965,-111.934955
8124,33.369978,-112.080744
8125,33.200146,-112.191014
8126,33.276162,-111.888004
8127,33.760169,-111.70303
8128,33.720413,-112.019585
8129,33.340165,-111.865792
8130,33.667023,-112.002945
8131,33.565143,-112.04084
8132,33.782543,-112.053817
8133,33.424163,-111.997225
8134,33.608876,-112.079863
8135,33.238121,-111.850736
8136,33.437748,-111.775437
8137,33.778291,-111.770269
8138,33.523389,-112.163381
8139,33.372728,-111.762455
8140,33.272163,-112.095069
8141,33.622117,-112.114415
8142,33.586914,-111.863946
8143,33.424363,-112.117182
8144,33.770565,-112.26822
8145,33.213322,-112.075829
8146,33.382234,-111.867121
8147,33.752642,-112.103825
8148,33.392561,-111.922265
8149,33.351352,-111.903928
8150,33.520532,-111.859758
8151,33.694281,-111.761722
8152,33.261888,-112.040461
8153,33.765812,-112.200141
8154,33.677044,-112.108645
8155,33.30875,-112.0407
8156,33.627205,-111.871665
8157,33.430975,-112.292127
8158,33.441377,-112.110529
8159,33.669974,-111.832094
8160,33.777671,-111.897485
8161,33.275994,-111.860956
8162,33.452378,-111.812914
8163,33.488565,-111.830059
8164,33.425787,-111.89069
8165,33.417913,-112.036203
8166,33.231361,-111.709841
8167,33.611323,-111.958556
8168,33.461729,-112.178338
8169,33.316876,-112.124312
8170,33.68962,-111.883863
8171,33.681536,-111.745156
8172,33.491835,-112.192768
8173,33.37907,-112.250592
8174,33.582856,-111.771081
8175,33.372891,-111.750833
8176,33.341605,-112.134172
8177,33.638309,-112.073629
8178,33.224195,-111.903887
8179,33.256861,-112.102042
8180,33.204073,-111.773705
8181,33.291766,-112.235453
8182,33.241394,-112.277211
8183,33.797481,-112.174908
8184,33.373286,-112.128347
8185,33.289561,-112.232244
8186,33.344598,-112.260586
8187,33.761675,-111.846635
8188,33.512096,-112.201434
8189,33.418891,-111.751647
8190,33.724035,-112.0792
8191,33.436994,-111.897637
8192,33.401005,-112.164759
8193,33.32437,-112.155806
8194,33.426678,-111.955174
8195,33.390011,-111.963614
8196,33.606382,-111.838762
8197,33.37375,-111.845312
8198,33.54632,-111.897587
8199,33.239535,-112.030522
8200,33.314773,-111.765616
8201,33.444443,-111.926453
8202,33.76217,-111.705881
8203,33.426351,-111.808378
8204,33.598444,-112.273414
8205,33.353052,-112.107644
8206,33.27622,-111.956875
8207,33.235122,-111.867118
8208,33.383248,-111.969798
8209,33.294597,-111.828322
8210,33.304406,-112.130407
8211,33.656456,-112.189653
8212,33.209503,-112.26765
8213,33.534686,-111.956012
8214,33.427677,-111.88684
8215,33.50393,-112.10431
8216,33.537698,-111.931849
8217,33.388021,-112.268706
8218,33.377065,-112.240424
8219,33.640041,-111.878947
8220,33.722766,-112.079158
8221,33.315549,-111.8972
8222,33.258571,-111.800967
8223,33.738677,-111.788427
8224,33.409937,-112.196699
8225,33.53079,-112.008229
8226,33.415726,-111.859644
8227,33.275481,-111.835612
8228,33.553599,-111.829194
8229,33.515085,-112.1631
8230,33.321796,-112.184479
8231,33.471121,-111.945993
8232,33.678169,-111.855349
8233,33.554256,-112.108516
8234,33.25815,-112.237177
8235,33.528813,-111.869952
8236,33.621643,-112.120181
8237,33.675622,-112.200182
8238,33.577471,-112.211366
8239,33.291595,-112.111054
8240,33.626104,-111.944393
8241,33.606405,-112.084959
8242,33.214656,-112.287603
8243,33.447049,-112.241855
8244,33.39977,-112.125698
8245,33.601647,-111.904177
8246,33.329681,-112.240891
8247,33.554523,-111.963606
8248,33.747924,-112.228068
8249,33.678681,-112.173031
8250,33.752875,-112.196687
8251,33.787104,-112.259663
8252,33.206402,-111.897202
8253,33.573645,-112.021958
8254,33.447704,-111.801368
8255,33.715913,-112.240665
8256,33.351089,-112.21316
8257,33.788618,-112.116125
8258,33.568225,-111.84048
8259,33.676122,-112.116545
8260,33.25136,-112.054949
8261,33.310075,-112.119038
8262,33.655042,-112.251865
8263,33.213192,-111.73634
8264,33.690127,-111.970877
8265,33.208369,-111.8273
8266,33.594271,-111.904986
8267,33.419056,-111.991447
8268,33.566897,-112.246193
8269,33.617619,-111.91436
8270,33.405485,-112.206778
8271,33.264777,-112.05137
8272,33.241788,-111.922532
8273,33.553362,-111.830663
8274,33.512393,-111.888973
8275,33.645321,-111.89708
8276,33.505841,-112.210575
8277,33.453467,-112.092323
8278,33.438852,-112.274253
8279,33.215868,-111.868314
8280,33.401334,-111.728448
8281,33.785612,-112.141534
8282,33.724133,-112.247382
8283,33.397627,-112.014658
8284,33.552677,-111.785981
8285,33.708378,-111.968815
8286,33.464765,-112.271934
8287,33.210775,-111.715437
8288,33.244706,-111.80281
8289,33.506236,-112.221044
8290,33.781664,-111.746921
8291,33.615926,-112.029587
8292,33.24255,-112.076861
8293,33.313617,-112.023368
8294,33.662794,-111.799257
8295,33.704864,-111.904312
8296,33.570617,-112.264451
8297,33.586654,-111.725437
8298,33.217002,-112.21133
8299,33.697118,-111.852659
8300,33.672965,-111.918318
8301,33.355421,-112.187483
8302,33.625206,-112.197561
8303,33.328913,-111.777803
8304,33.224198,-112.048183
8305,33.320682,-111.907254
8306,33.307177,-111.997557
8307,33.402649,-111.863588
8308,33.45107,-112.012455
8309,33.505123,-112.127572
8310,33.486052,-112.08197
8311,33.362405,-111.784553
8312,33.217502,-112.019179
8313,33.563061,-112.17193
8314,33.437447,-111.739237
8315,33.379203,-111.82204
8316,33.720165,-112.2666
8317,33.648046,-111.700634
8318,33.714659,-111.883044
8319,33.49699,-112.20384
8320,33.278559,-112.157699
8321,33.617733,-111.884533
8322,33.323644,-111.832143
8323,33.464738,-112.156578
8324,33.239,-112.145819
8325,33.695185,-112.115728
8326,33.275564,-111.941189
8327,33.741859,-112.19691
8328,33.718538,-112.237454
8329,33.47875,-111.892682
8330,33.646621,-111.832541
8331,33.571667,-111.999442
8332,33.681845,-112.0817
8333,33.459083,-112.040774
8334,33.671485,-112.066955
8335,33.477474,-111.724009
8336,33.764579,-111.839146
8337,33.491823,-112.175148
8338,33.477572,-112.069487
8339,33.671043,-111.973593
8340,33.692947,-111.932208
8341,33.532693,-112.01909
8342,33.307879,-111.813924
8343,33.480655,-111.839436
8344,33.780844,-111.996905
8345,33.651792,-111.787342
8346,33.686698,-111.849346
8347,33.219695,-111.832851
8348,33.480716,-111.72616
8349,33.587973,-112.14012
8350,33.69802,-112.139411
8351,33.229564,-111.766629
8352,33.711463,-111.836664
8353,33.529041,-111.744073
8354,33.318388,-112.262122
8355,33.390353,-111.923346
8356,33.369158,-112.213223
8357,33.518515,-111.997662
8358,33.231011,-112.206552
8359,33.295122,-112.223153
8360,33.687616,-112.292699
8361,33.279562,-111.921857
8362,33.340038,-112.084586
8363,33.472022,-112.236887
8364,33.510273,-112.106297
8365,33.658166,-112.198634
8366,33.468399,-111.734983
8367,33.673919,-112.107997
8368,33.571008,-112.099628
8369,33.26786,-111.796085
8370,33.293799,-111.911347
8371,33.46222,-111.873897
8372,33.438134,-111.918399
8373,33.646127,-111.732282
8374,33.548442,-112.1758
8375,33.43288,-111.706576
8376,33.302456,-111.801426
8377,33.336102,-111.946616
8378,33.545301,-111.902577
8379,33.454063,-111.910704
8380,33.508957,-112.264962
8381,33.302406,-112.16919
8382,33.597744,-111.723117
8383,33.711523,-111.979381
8384,33.354764,-112.072988
8385,33.494909,-111.842777
8386,33.785316,-111.985289
8387,33.399945,-112.292102
8388,33.557028,-111.858257
8389,33.254117,-111.860669
8390,33.563609,-112.200911
8391,33.253779,-111.726004
8392,33.775541,-112.165655
8393,33.629398,-112.02535
8394,33.672896,-112.231158
8395,33.622463,-111.938031
8396,33.553837,-112.074729
8397,33.469948,-112.088096
8398,33.715024,-111.803814
8399,33.774101,-112.294263
8400,33.499422,-111.821232
8401,33.758921,-111.957131
8402,33.55,-111.708341
8403,33.523031,-111.946334
8404,33.47269,-112.266773
8405,33.325573,-112.269613
8406,33.202232,-111.770108
8407,33.344904,-111.795272
8408,33.505834,-112.092466
8409,33.427976,-111.929181
8410,33.469091,-112.006245
8411,33.788389,-111.719702
8412,33.410163,-111.730023
8413,33.47131,-111.709697
8414,33.280109,-111.780131
8415,33.228775,-111.754269
8416,33.665246,-112.169633
8417,33.54241,-111.801396
8418,33.656423,-111.874686
8419,33.289918,-111.722328
8420,33.543097,-111.957243
8421,33.352185,-112.2489
8422,33.336837,-111.941561
8423,33.206916,-111.888051
8424,33.278204,-112.167807
8425,33.385561,-112.063532
8426,33.270127,-111.940898
8427,33.791515,-112.075537
8428,33.38518,-112.075031
8429,33.278194,-112.220148
8430,33.319449,-111.735552
8431,33.552622,-111.849703
8432,33.238426,-112.299254
8433,33.71746,-111.840632
8434,33.7769,-111.856123
8435,33.348048,-112.294161
8436,33.470057,-112.078237
8437,33.213281,-111.935951
8438,33.584426,-112.02835
8439,33.448356,-111.833208
8440,33.362035,-112.044725
8441,33.324102,-112.207682
8442,33.592414,-111.714151
8443,33.44973,-112.154776
8444,33.307796,-111.869385
8445,33.613465,-112.214106
8446,33.539043,-112.102592
8447,33.715203,-112.034783
8448,33.270486,-112.184661
8449,33.6714,-112.030024
8450,33.60411,-112.205702
8451,33.269007,-111.964596
8452,33.616892,-111.901772
8453,33.464928,-112.262539
8454,33.766991,-111.777321
8455,33.284967,-112.188915
8456,33.5857,-112.164783
8457,33.429188,-111.90319
8458,33.774089,-112.018749
8459,33.397985,-112.000363
8460,33.777312,-112.223107
8461,33.740892,-111.816559
8462,33.36223,-111.929767
8463,33.682125,-112.218771
8464,33.797363,-112.0756
8465,33.351598,-111.813754
8466,33.462066,-111.958987
8467,33.512108,-112.234811
8468,33.376959,-112.076334
8469,33.209159,-112.154383
8470,33.332078,-111.989521
8471,33.369162,-111.793983
8472,33.46616,-112.03824
8473,33.302661,-112.039995
8474,33.723953,-111.756789
8475,33.622947,-111.954289
8476,33.25112,-111.960285
8477,33.590055,-112.142854
8478,33.592194,-111.935366
8479,33.773733,-111.954454
8480,33.201813,-112.061889
8481,33.348759,-111.705583
8482,33.756675,-111.770865
8483,33.75928,-111.850248
8484,33.632352,-111.977593
8485,33.659458,-112.022764
8486,33.25489,-112.189062
8487,33.508326,-112.116558
8488,33.33895,-111.835624
8489,33.308731,-112.027751
8490,33.686182,-111.770638
8491,33.281023,-112.211253
8492,33.481191,-111.994992
8493,33.763147,-111.911821
8494,33.311499,-111.989891
8495,33.786796,-111.766464
8496,33.796573,-111.706262
8497,33.53337,-112.230499
8498,33.302086,-112.222027
8499,33.389663,-112.221806
8500,33.454696,-111.891294
8501,33.385595,-112.076394
8502,33.368381,-111.860011
8503,33.783338,-112.056717
8504,33.292019,-111.923436
8505,33.639997,-111.838085
8506,33.200246,-111.97107
8507,33.55771,-111.976298
8508,33.749566,-112.247059
8509,33.37276,-112.053531
8510,33.311316,-111.972534
8511,33.591008,-112.022812
8512,33.627561,-111.759531
8513,33.612818,-111.756082
8514,33.39159,-111.80685
8515,33.351321,-112.074821
8516,33.773551,-111.869621
8517,33.75398,-112.062827
8518,33.47439,-112.160444
8519,33.707716,-112.094258
8520,33.471394,-112.257421
8521,33.454633,-112.100933
8522,33.294058,-112.023555
8523,33.455844,-111.726711
8524,33.52245,-112.111954
8525,33.213503,-111.758528
8526,33.466468,-112.162685
8527,33.668814,-112.185419
8528,33.608028,-111.988603
8529,33.581094,-111.896493
8530,33.745733,-112.273401
8531,33.210819,-112.16736
8532,33.534229,-112.02659
8533,33.672409,-112.101397
8534,33.524801,-111.872427
8535,33.394337,-111.993304
8536,33.28175,-112.203785
8537,33.732538,-111.763321
8538,33.482457,-112.124257
8539,33.726869,-111.861321
8540,33.551511,-111.832051
8541,33.604515,-111.722105
8542,33.682557,-112.000896
8543,33.595493,-111.930499
8544,33.438833,-112.099074
8545,33.50818,-111.893092
8546,33.681827,-112.02197
8547,33.42419,-112.037409
8548,33.432873,-111.786719
8549,33.257414,-112.269899
8550,33.748751,-111.770823
8551,33.254622,-111.788758
8552,33.588926,-111.99618
8553,33.447917,-112.005878
8554,33.443372,-112.082916
8555,33.607731,-111.703496
8556,33.240256,-112.233298
8557,33.556223,-111.945871
8558,33.663219,-111.890991
8559,33.696928,-111.739402
8560,33.302318,-111.831878
8561,33.738451,-111.913692
8562,33.593688,-112.229913
8563,33.729113,-112.07576
8564,33.491168,-112.216695
8565,33.52522,-111.771272
8566,33.751423,-111.850227
8567,33.739946,-111.845478
8568,33.468897,-111.908646
8569,33.364648,-111.995774
8570,33.435902,-112.210017
8571,33.432659,-112.102183
8572,33.37212,-112.217851
8573,33.361148,-111.865052
8574,33.716638,-112.203863
8575,33.241917,-111.878732
8576,33.606567,-111.884647
8577,33.303692,-112.024417
8578,33.406704,-112.218863
8579,33.236926,-112.11112
8580,33.361984,-112.107944
8581,33.661053,-111.879769
8582,33.731009,-112.231754
8583,33.332916,-111.802559
8584,33.478129,-111.843396
8585,33.482194,-112.188216
8586,33.724145,-111.868501
8587,33.657679,-111.898892
8588,33.507846,-111.851128
8589,33.602448,-112.186643
8590,33.708413,-112.205446
8591,33.205723,-112.15811
8592,33.441734,-112.080477
8593,33.744346,-111.823801
8594,33.644188,-111.857246
8595,33.525705,-111.744729
8596,33.517787,-112.264822
8597,33.408662,-112.293066
8598,33.512312,-111.880517
8599,33.59323,-112.132428
8600,33.451018,-112.099553
8601,33.628492,-111.971919
8602,33.716739,-112.238552
8603,33.292811,-111.914383
8604,33.470928,-112.104912
8605,33.444812,-111.920371
8606,33.612479,-111.799596
8607,33.34992,-112.197333
8608,33.584151,-111.741476
8609,33.726494,-111.981587
8610,33.450879,-111.746243
8611,33.746609,-112.175362
8612,33.795898,-111.937262
8613,33.263655,-112.057668
8614,33.339832,-111.835467
8615,33.770228,-111.936455
8616,33.774997,-112.003291
8617,33.258624,-111.752209
8618,33.208999,-112.07373
8619,33.29666,-112.168012
8620,33.797608,-111.935139
8621,33.308,-111.925583
8622,33.501529,-112.036543
8623,33.709051,-112.008034
8624,33.212241,-111.724268
8625,33.562693,-111.860389
8626,33.366215,-112.233639
8627,33.717401,-112.172722
8628,33.370077,-111.714654
8629,33.612053,-111.864121
8630,33.604532,-111.750973
8631,33.332896,-112.117683
8632,33.22088,-111.85488
8633,33.44555,-111.871598
8634,33.373516,-112.123186
8635,33.685387,-111.96951
8636,33.680219,-111.923551
8637,33.474214,-112.011321
8638,33.563907,-111.803693
8639,33.562556,-111.800279
8640,33.696295,-111.78964
8641,33.455001,-111.817946
8642,33.365268,-112.00715
8643,33.359021,-112.071137
8644,33.521715,-111.801174
8645,33.469489,-112.005879
8646,33.464072,-112.152177
8647,33.254682,-111.995594
8648,33.631162,-112.21489
8649,33.328242,-111.885022
8650,33.318172,-112.098447
8651,33.447655,-112.143605
8652,33.336667,-111.726095
8653,33.550315,-111.833871
8654,33.422878,-111.827758
8655,33.469347,-111.925767
8656,33.522302,-111.796496
8657,33.322121,-111.844503
8658,33.293451,-111.940736
8659,33.728253,-111.723325
8660,33.460234,-112.185043
8661,33.447256,-111.733972
8662,33.221367,-112.059137
8663,33.498786,-111.982961
8664,33.532502,-112.226356
8665,33.535305,-111.975936
8666,33.624219,-111.933276
8667,33.306489,-111.701379
8668,33.351334,-111.714885
8669,33.686438,-111.720162
8670,33.768302,-112.090967
8671,33.28156,-111.70524
8672,33.49859,-112.026713
8673,33.328506,-111.788898
8674,33.236044,-112.170208
8675,33.395302,-111.9965
8676,33.286213,-111.720393
8677,33.62596,-111.731781
8678,33.520235,-111.889759
8679,33.286301,-111.821311
8680,33.205545,-112.194144
8681,33.684894,-111.867005
8682,33.305717,-111.92917
8683,33.56373,-112.245069
8684,33.402153,-112.232105
8685,33.551292,-112.234934
8686,33.389392,-111.865386
8687,33.252164,-112.214971
8688,33.33377,-112.019361
8689,33.312835,-112.085811
8690,33.456812,-111.969698
8691,33.59497,-111.876114
8692,33.358284,-111.889166
8693,33.207242,-111.990688
8694,33.511362,-112.021399
8695,33.563456,-112.061311
8696,33.777722,-111.782854
8697,33.553682,-112.101489
8698,33.482704,-112.144381
8699,33.544041,-111.854011
8700,33.75674,-112.084142
8701,33.697027,-111.791801
8702,33.393787,-112.103267
8703,33.342353,-111.878833
8704,33.35758,-112.272935
8705,33.502653,-112.068662
8706,33.64643,-112.094062
8707,33.501932,-111.809993
8708,33.240678,-111.719767
8709,33.634148,-112.023471
8710,33.683582,-111.805098
8711,33.373699,-111.880183
8712,33.598475,-111.719568
8713,33.455955,-111.813335
8714,33.733472,-112.253513
8715,33.707135,-111.872031
8716,33.515259,-111.9787
8717,33.614903,-112.290138
8718,33.73001,-112.149212
8719,33.49743,-111.746947
8720,33.38795,-111.744363
8721,33.6522,-111.82069
8722,33.33204,-111.710932
8723,33.433119,-111.816073
8724,33.719436,-112.293877
8725,33.634653,-112.127299
8726,33.442287,-112.281625
8727,33.328847,-112.243535
8728,33.413581,-112.168696
8729,33.370462,-111.997865
8730,33.305654,-111.791481
8731,33.646,-111.78282
8732,33.351242,-111.930279
8733,33.4725,-111.743094
8734,33.431516,-111.999963
8735,33.789246,-111.766578
8736,33.434655,-112.027561
8737,33.247989,-112.133665
8738,33.253895,-111.750152
8739,33.554452,-112.067239
8740,33.559618,-111.997958
8741,33.451255,-112.102684
8742,33.459106,-111.902297
8743,33.23236,-111.702981
8744,33.509928,-112.284692
8745,33.502844,-111.760091
8746,33.28973,-112.297644
8747,33.262304,-112.081463
8748,33.274143,-112.198836
8749,33.260617,-111.845595
8750,33.565825,-112.269633
8751,33.31789,-111.967909
8752,33.350858,-112.123044
8753,33.304143,-112.219798
8754,33.774701,-111.836909
8755,33.71277,-112.16955
8756,33.338297,-112.165795
8757,33.39654,-112.134954
8758,33.325936,-111.94794
8759,33.495126,-111.9042
8760,33.211766,-112.289438
8761,33.602821,-112.154878
8762,33.513895,-112.041417
8763,33.739183,-112.100814
8764,33.298636,-111.769498
8765,33.682466,-111.827375
8766,33.675177,-111.924466
8767,33.276309,-112.097175
8768,33.439136,-111.879597
8769,33.302092,-111.793817
8770,33.352832,-111.943102
8771,33.357948,-111.829323
8772,33.533742,-111.850537
8773,33.446847,-111.956958
8774,33.76864,-112.11269
8775,33.275822,-111.852531
8776,33.784215,-112.175922
8777,33.338383,-111.832307
8778,33.663724,-111.817272
8779,33.403382,-111.806713
8780,33.285849,-112.01625
8781,33.714734,-112.184512
8782,33.385317,-112.240166
8783,33.595313,-111.853983
8784,33.539866,-111.768243
8785,33.483054,-111.909497
8786,33.497492,-112.213504
8787,33.639343,-111.739062
8788,33.252664,-111.706539
8789,33.600908,-112.039973
8790,33.737487,-111.943105
8791,33.234673,-111.833663
8792,33.284392,-111.858166
8793,33.629979,-111.719328
8794,33.462369,-112.23107
8795,33.442129,-111.951565
8796,33.28218,-111.884841
8797,33.504062,-111.765941
8798,33.275927,-111.775534
8799,33.485972,-111.7132
8800,33.658169,-111.992753
8801,33.354959,-111.801543
8802,33.488472,-112.043631
8803,33.79521,-112.046612
8804,33.61199,-112.147991
8805,33.704814,-111.809058
8806,33.448909,-111.708511
8807,33.660717,-112.146195
8808,33.224306,-112.266321
8809,33.273747,-111.810675
8810,33.321842,-111.927862
8811,33.441171,-111.724181
8812,33.707447,-112.148656
8813,33.40776,-112.257383
8814,33.592773,-112.004535
8815,33.625589,-112.24872
8816,33.551709,-112.142926
8817,33.414345,-112.224413
8818,33.546232,-112.165521
8819,33.405359,-112.236313
8820,33.250324,-111.727656
8821,33.795682,-112.132862
8822,33.276309,-112.033661
8823,33.243409,-111.760833
8824,33.727118,-111.893607
8825,33.381101,-111.929178
8826,33.590178,-111.876662
8827,33.397403,-111.802707
8828,33.434873,-111.773398
8829,33.357268,-111.914416
8830,33.405826,-111.765996
8831,33.44642,-111.978761
8832,33.63225,-112.133625
8833,33.506922,-111.771954
8834,33.766139,-111.975116
8835,33.225128,-111.756317
8836,33.501841,-112.275899
8837,33.550535,-112.061491
8838,33.752118,-111.731317
8839,33.229495,-112.15021
8840,33.5441,-111.735078
8841,33.712178,-111.727659
8842,33.345157,-111.770715
8843,33.725775,-111.961799
8844,33.211426,-111.911836
8845,33.639473,-111.77823
8846,33.759868,-111.834462
8847,33.594319,-111.921944
8848,33.463418,-111.710644
8849,33.226929,-111.888594
8850,33.752068,-111.714711
8851,33.482178,-112.265567
8852,33.217398,-112.216624
8853,33.613893,-112.029125
8854,33.489102,-112.069072
8855,33.274607,-111.830359
8856,33.328563,-112.203632
8857,33.238694,-111.714343
8858,33.544576,-112.11096
8859,33.573218,-112.042646
8860,33.503445,-112.135153
8861,33.690261,-111.952382
8862,33.716605,-112.264823
8863,33.569375,-112.210193
8864,33.207654,-111.852521
8865,33.617138,-112.1881
8866,33.4508,-112.158691
8867,33.539334,-111.824211
8868,33.589448,-112.244019
8869,33.410142,-112.037516
8870,33.750259,-112.286162
8871,33.280385,-112.091916
8872,33.602907,-111.880611
8873,33.202616,-112.245938
8874,33.754791,-111.766999
8875,33.267502,-111.754301
8876,33.256931,-112.237006
8877,33.399805,-111.705561
8878,33.42414,-112.121482
8879,33.32858,-112.249539
8880,33.551073,-112.29696
8881,33.465748,-112.054886
8882,33.220505,-111.922114
8883,33.391791,-112.100692
8884,33.68626,-111.79797
8885,33.613821,-111.870036
8886,33.634923,-112.089903
8887,33.61887,-111.859414
8888,33.386584,-111.735707
8889,33.259798,-112.244142
8890,33.36348,-112.116338
8891,33.699071,-112.022004
8892,33.788282,-112.001206
8893,33.496308,-111.974683
8894,33.20582,-112.119624
8895,33.284027,-111.899644
8896,33.393248,-111.912949
8897,33.547151,-111.953307
8898,33.245056,-112.231743
8899,33.766014,-112.013819
8900,33.41905,-112.086264
8901,33.747551,-112.005377
8902,33.668313,-111.74688
8903,33.653262,-112.011681
8904,33.564032,-112.291612
8905,33.57607,-112.036698
8906,33.582802,-111.807611
8907,33.577233,-111.831963
8908,33.532237,-111.991966
8909,33.791848,-112.150139
8910,33.639374,-112.020947
8911,33.666168,-111.961779
8912,33.723478,-111.700077
8913,33.329384,-111.913493
8914,33.250282,-111.883441
8915,33.489737,-112.005128
8916,33.508448,-112.087306
8917,33.697509,-111.812228
8918,33.46627,-112.003041
8919,33.542512,-111.703186
8920,33.516243,-112.025728
8921,33.222922,-112.2592
8922,33.569129,-111.890453
8923,33.696826,-112.272015
8924,33.2945,-112.149699
8925,33.556599,-112.087757
8926,33.556166,-111.85631
8927,33.298511,-112.003458
8928,33.274078,-112.282812
8929,33.788031,-111.92989
8930,33.436232,-112.053138
8931,33.336453,-111.746899
8932,33.302795,-112.000263
8933,33.600561,-111.874615
8934,33.565667,-112.168679
8935,33.586131,-111.843416
8936,33.252804,-111.867427
8937,33.736121,-111.757551
8938,33.43356,-112.279707
8939,33.388022,-112.0315
8940,33.477417,-111.892507
8941,33.43404,-112.242902
8942,33.718146,-112.053638
8943,33.757557,-111.734712
8944,33.382072,-112.038439
8945,33.718361,-111.708757
8946,33.668914,-112.265897
8947,33.758485,-111.869302
8948,33.34745,-111.95139
8949,33.546175,-111.999676
8950,33.364727,-111.717492
8951,33.694457,-112.22221
8952,33.203195,-111.762401
8953,33.538891,-111.885256
8954,33.403522,-112.144602
8955,33.39361,-111.758999
8956,33.586944,-112.042423
8957,33.710891,-111.811464
8958,33.565517,-112.066698
8959,33.711904,-111.789442
8960,33.358758,-111.918023
8961,33.511701,-112.215372
8962,33.470322,-111.910202
8963,33.206987,-112.185193
8964,33.534087,-112.052846
8965,33.596915,-112.197823
8966,33.555149,-112.28679
8967,33.641768,-112.172868
8968,33.542804,-111.978177
8969,33.24005,-112.011063
8970,33.269867,-111.999102
8971,33.557885,-112.151388
8972,33.364988,-111.888903
8973,33.247787,-111.877442
8974,33.457762,-112.085219
8975,33.532594,-111.771298
8976,33.397248,-111.913586
8977,33.63226,-111.872176
8978,33.586262,-112.133596
8979,33.399691,-112.299633
8980,33.652924,-111.780775
8981,33.589217,-111.806545
8982,33.582467,-112.226085
8983,33.532057,-112.075537
8984,33.206834,-111.903196
8985,33.617904,-111.908733
8986,33.425625,-111.78379
8987,33.765566,-112.215839
8988,33.690791,-112.042036
8989,33.552617,-112.241665
8990,33.351309,-112.066243
8991,33.32223,-112.290936
8992,33.404231,-111.761036
8993,33.485941,-111.983774
8994,33.377639,-111.790119
8995,33.508958,-112.264057
8996,33.299222,-112.163525
8997,33.786628,-112.144372
8998,33.264755,-112.067985
8999,33.759166,-111.81828
9000,33.748147,-112.068065
9001,33.515216,-112.177208
9002,33.634946,-112.261006
9003,33.461629,-112.252305
9004,33.578021,-111.843972
9005,33.404346,-112.033118
9006,33.380695,-111.864291
9007,33.546938,-111.890628
9008,33.498878,-112.218783
9009,33.547722,-112.214267
9010,33.371996,-111.846795
9011,33.420175,-111.867239
9012,33.250339,-112.073182
9013,33.231366,-112.253547
9014,33.352074,-112.292741
9015,33.244548,-112.127106
9016,33.262265,-112.294467
9017,33.687757,-112.161956
9018,33.223324,-112.0483
9019,33.595366,-112.227151
9020,33.363535,-112.237433
9021,33.722927,-111.762138
9022,33.490995,-111.948718
9023,33.383346,-111.739327
9024,33.510583,-112.092504
9025,33.429175,-111.893713
9026,33.538581,-112.177185
9027,33.26872,-111.928996
9028,33.798194,-112.222249
9029,33.455334,-112.298752
9030,33.408938,-111.741081
9031,33.626126,-111.967063
9032,33.41834,-111.743836
9033,33.699965,-112.099701
9034,33.472562,-112.103328
9035,33.631735,-112.059607
9036,33.264472,-111.876375
9037,33.707672,-111.960515
9038,33.641431,-111.744787
9039,33.32703,-112.284735
9040,33.287172,-111.875082
9041,33.389775,-112.101803
9042,33.785642,-112.19186
9043,33.354099,-111.993763
9044,33.473676,-111.996962
9045,33.218012,-112.217793
9046,33.438337,-112.178862
9047,33.542792,-112.055101
9048,33.771875,-112.054713
9049,33.510042,-112.109465
9050,33.691464,-112.210873
9051,33.528277,-112.297376
9052,33.224471,-111.717859
9053,33.389005,-111.7339
9054,33.54533,-112.00981
9055,33.770356,-111.702969
9056,33.715478,-111.895807
9057,33.337013,-112.258685
9058,33.332066,-112.229369
9059,33.320704,-111.750333
9060,33.753499,-111.921969
9061,33.7116,-111.79409
9062,33.66493,-111.761038
9063,33.435641,-112.031235
9064,33.502628,-112.270884
9065,33.478599,-112.187032
9066,33.352039,-112.260057
9067,33.503017,-112.186756
9068,33.218298,-112.05368
9069,33.279086,-112.229082
9070,33.731954,-112.19996
9071,33.651008,-112.032507
9072,33.453721,-112.095897
9073,33.51029,-112.019405
9074,33.421999,-112.042497
9075,33.644468,-111.913313
9076,33.670512,-111.737686
9077,33.657971,-112.235281
9078,33.633567,-112.240444
9079,33.322703,-111.788316
9080,33.402782,-111.996162
9081,33.481907,-111.840157
9082,33.398476,-112.170747
9083,33.652964,-111.802682
9084,33.397612,-111.745692
9085,33.282939,-111.91871
9086,33.439424,-112.236473
9087,33.787949,-111.762823
9088,33.335529,-111.824507
9089,33.567295,-111.849473
9090,33.459784,-112.277963
9091,33.242615,-111.820622
9092,33.492726,-112.217229
9093,33.621299,-112.166568
9094,33.507932,-111.953719
9095,33.723264,-112.141012
9096,33.373362,-111.903191
9097,33.25175,-111.935158
9098,33.761939,-112.23511
9099,33.426918,-111.906391
9100,33.545843,-111.745627
9101,33.675202,-112.203334
9102,33.394588,-111.941763
9103,33.629699,-112.094881
9104,33.281251,-112.024233
9105,33.374776,-112.1278
9106,33.286826,-112.087522
9107,33.686738,-112.282653
9108,33.33359,-111.711069
9109,33.630442,-111.92512
9110,33.765979,-111.999577
9111,33.516663,-112.069771
9112,33.524018,-111.976375
9113,33.47662,-112.071936
9114,33.395534,-112.084055
9115,33.485393,-112.021632
9116,33.561685,-112.13441
9117,33.791595,-112.19197
9118,33.762659,-111.966036
9119,33.717292,-111.794341
9120,33.733478,-112.208303
9121,33.48071,-112.280359
9122,33.594467,-112.151913
9123,33.73704,-111.712168
9124,33.43577,-111.802745
9125,33.777057,-111.94248
9126,33.449472,-111.742451
9127,33.56065,-112.032833
9128,33.625883,-111.710032
9129,33.770355,-112.122219
9130,33.34677,-112.155817
9131,33.647679,-111.917171
9132,33.512489,-112.073108
9133,33.361134,-111.924181
9134,33.665964,-112.117003
9135,33.531333,-111.929249
9136,33.596584,-112.134552
9137,33.393741,-112.269417
9138,33.488764,-111.752718
9139,33.570413,-111.770077
9140,33.442946,-111.717521
9141,33.319024,-111.870084
9142,33.776984,-111.890367
9143,33.506881,-111.964598
9144,33.640352,-112.224435
9145,33.446628,-112.186459
9146,33.413079,-112.126318
9147,33.444299,-111.765906
9148,33.445518,-112.196218
9149,33.526508,-111.746276
9150,33.526082,-111.986329
9151,33.498292,-111.870658
9152,33.280871,-112.233853
9153,33.497645,-112.13858
9154,33.301462,-111.724889
9155,33.275681,-112.14031
9156,33.759587,-112.122087
9157,33.56297,-112.181442
9158,33.595694,-112.222556
9159,33.441076,-112.160045
9160,33.745389,-111.914604
9161,33.582758,-112.026779
9162,33.661502,-111.967746
9163,33.421137,-112.226581
9164,33.776007,-111.81873
9165,33.692277,-111.829543
9166,33.712369,-112.287046
9167,33.303317,-112.069891
9168,33.362578,-112.258738
9169,33.371376,-111.824737
9170,33.362546,-111.857638
9171,33.713245,-111.758807
9172,33.219131,-112.158158
9173,33.24566,-112.026222
9174,33.364349,-112.189307
9175,33.319924,-112.077259
9176,33.339116,-111.986654
9177,33.678766,-112.268002
9178,33.537876,-111.871078
9179,33.203462,-111.974024
9180,33.457594,-111.802625
9181,33.444731,-112.136932
9182,33.268367,-111.758007
9183,33.605685,-111.700783
9184,33.621258,-111.748421
9185,33.632536,-111.833265
9186,33.637083,-111.812579
9187,33.200032,-111.955753
9188,33.772352,-112.185908
9189,33.688525,-111.893776
9190,33.742389,-111.872348
9191,33.209386,-111.708769
9192,33.760315,-111.975219
9193,33.685873,-112.137179
9194,33.702331,-111.889796
9195,33.255972,-111.712375
9196,33.643267,-112.193672
9197,33.77595,-112.104401
9198,33.607128,-111.974871
9199,33.542337,-112.197871
9200,33.767378,-112.286668
9201,33.465762,-112.09781
9202,33.559576,-111.780778
9203,33.485803,-112.273919
9204,33.759708,-112.042643
9205,33.245651,-111.84268
9206,33.500672,-111.72809
9207,33.612171,-111.708715
9208,33.675144,-112.046818
9209,33.549811,-111.729769
9210,33.745351,-112.278749
9211,33.765195,-111.85245
9212,33.238592,-111.914352
9213,33.441422,-112.150287
9214,33.214075,-111.995609
9215,33.39765,-112.222268
9216,33.522121,-111.777042
9217,33.746477,-112.085261
9218,33.707933,-111.924373
9219,33.2765,-112.204734
9220,33.255818,-112.176301
9221,33.55356,-111.704826
9222,33.519271,-111.848148
9223,33.359827,-111.722817
9224,33.739672,-112.122489
9225,33.75642,-112.201262
9226,33.441567,-111.998159
9227,33.734182,-112.003199
9228,33.430369,-112.195032
9229,33.64209,-111.860068
9230,33.485565,-112.082933
9231,33.27355,-112.188181
9232,33.756761,-112.10081
9233,33.472458,-111.961805
9234,33.640692,-111.864117
9235,33.420304,-112.010865
9236,33.211329,-111.984643
9237,33.260318,-112.216632
9238,33.497732,-111.751185
9239,33.613979,-111.742765
9240,33.400841,-111.889944
9241,33.617293,-112.289421
9242,33.619181,-111.977755
9243,33.622362,-111.922469
9244,33.495513,-111.703207
9245,33.748932,-111.70236
9246,33.493518,-111.785433
9247,33.470159,-112.261701
9248,33.319628,-111.728034
9249,33.384593,-111.932403
9250,33.225401,-111.819468
9251,33.580121,-112.055684
9252,33.349121,-112.108198
9253,33.382493,-112.022054
9254,33.662489,-112.211875
9255,33.396333,-112.08576
9256,33.345318,-111.78543
9257,33.301435,-112.27723
9258,33.664915,-112.209473
9259,33.277824,-112.22493
9260,33.472252,-112.058155
9261,33.504158,-111.701808
9262,33.612434,-112.195985
9263,33.57997,-112.21271
9264,33.686432,-111.750967
9265,33.226851,-111.77077
9266,33.377864,-112.280656
9267,33.36808,-111.848976
9268,33.28761,-111.906721
9269,33.373507,-111.839356
9270,33.385859,-112.003299
9271,33.513131,-111.705172
9272,33.598223,-112.273692
9273,33.42866,-112.159377
9274,33.631682,-112.062072
9275,33.401699,-112.030133
9276,33.37417,-111.74718
9277,33.524713,-111.963997
9278,33.21423,-112.272933
9279,33.247873,-112.055282
9280,33.450782,-112.050106
9281,33.765748,-111.720705
9282,33.632907,-111.940482
9283,33.252876,-111.918609
9284,33.707791,-111.872048
9285,33.63938,-111.837976
9286,33.566568,-111.918969
9287,33.692176,-112.157683
9288,33.442466,-111.775572
9289,33.332901,-111.860728
9290,33.507214,-111.854878
9291,33.529305,-111.702066
9292,33.522996,-111.818484
9293,33.539044,-111.802509
9294,33.769223,-111.729157
9295,33.741347,-112.20932
9296,33.72543,-112.001364
9297,33.68085,-111.95166
9298,33.766057,-112.102435
9299,33.259097,-111.796358
9300,33.359074,-111.842548
9301,33.497034,-111.86747
9302,33.707921,-111.70171
9303,33.503099,-112.144371
9304,33.648821,-111.858726
9305,33.283376,-111.969157
9306,33.351448,-112.112206
9307,33.639066,-112.203648
9308,33.29884,-111.76247
9309,33.410814,-111.942727
9310,33.35892,-111.80504
9311,33.409917,-111.972793
9312,33.624994,-112.168014
9313,33.420708,-112.097471
9314,33.533158,-112.071077
9315,33.259959,-111.716239
9316,33.683011,-112.29662
9317,33.421933,-111.7086
9318,33.58912,-111.711723
9319,33.635234,-111.70231
9320,33.325797,-112.014047
9321,33.730805,-111.721715
9322,33.569735,-112.06264
9323,33.457235,-112.284223
9324,33.309401,-112.165392
9325,33.765381,-111.732822
9326,33.653041,-112.291741
9327,33.324815,-111.972404
9328,33.402626,-112.254639
9329,33.685805,-112.128162
9330,33.617407,-112.247144
9331,33.659471,-111.784283
9332,33.464721,-111.945358
9333,33.629886,-111.758736
9334,33.431896,-111.886988
9335,33.326758,-111.717383
9336,33.579606,-111.994073
9337,33.785608,-111.916774
9338,33.386361,-111.954215
9339,33.476582,-112.009444
9340,33.604401,-111.792424
9341,33.524904,-111.913285
9342,33.706057,-111.819213
9343,33.657046,-111.828182
9344,33.234978,-112.185373
9345,33.799053,-111.909902
9346,33.651441,-112.180211
9347,33.718342,-111.950008
9348,33.590719,-111.893539
9349,33.713771,-111.701659
9350,33.26743,-112.281675
9351,33.408643,-112.245255
9352,33.725853,-112.253784
9353,33.320993,-112.060983
9354,33.246945,-111.807047
9355,33.672871,-111.793566
9356,33.701292,-111.857812
9357,33.297591,-111.761873
9358,33.712608,-112.106284
9359,33.612061,-112.247107
9360,33.51205,-112.265108
9361,33.69815,-111.78872
9362,33.45155,-111.861738
9363,33.316396,-111.880831
9364,33.370912,-112.096194
9365,33.503098,-112.072057
9366,33.518798,-111.725132
9367,33.683348,-112.261717
9368,33.674812,-111.835761
9369,33.54882,-112.11422
9370,33.668471,-112.276567
9371,33.315064,-111.854458
9372,33.230039,-112.101453
9373,33.72418,-111.866711
9374,33.245333,-111.875407
9375,33.348013,-111.979128
9376,33.617191,-111.833576
9377,33.445669,-111.951377
9378,33.725788,-112.128018
9379,33.378788,-111.859531
9380,33.207123,-111.946516
9381,33.380393,-112.292364
9382,33.546845,-111.759013
9383,33.425563,-111.972614
9384,33.520924,-111.778824
9385,33.725959,-111.770358
9386,33.747491,-112.03302
9387,33.359584,-111.995404
9388,33.477284,-112.050547
9389,33.529486,-112.030338
9390,33.769467,-111.762912
9391,33.79917,-111.827114
9392,33.341244,-112.224085
9393,33.636188,-111.933815
9394,33.426819,-111.702456
9395,33.204865,-111.94267
9396,33.205552,-111.828477
9397,33.47634,-111.838563
9398,33.493001,-112.089809
9399,33.213542,-112.07689
9400,33.612156,-111.865554
9401,33.376402,-112.00001
9402,33.535936,-111.957658
9403,33.380551,-111.872257
9404,33.300281,-111.833455
9405,33.444304,-112.13709
9406,33.339364,-112.211924
9407,33.520881,-112.124923
9408,33.319297,-111.995477
9409,33.505044,-112.094715
9410,33.294427,-111.958982
9411,33.602585,-112.267921
9412,33.652363,-111.99415
9413,33.266237,-112.079209
9414,33.480681,-111.9792
9415,33.242523,-112.04648
9416,33.558909,-112.129464
9417,33.358643,-111.757535
9418,33.516575,-112.189141
9419,33.510477,-111.891181
9420,33.754613,-111.745213
9421,33.52945,-111.976798
9422,33.549799,-111.774155
9423,33.440992,-112.225089
9424,33.769448,-112.003727
9425,33.666312,-112.025785
9426,33.371243,-112.295129
9427,33.706526,-112.034046
9428,33.459438,-112.078582
9429,33.6972,-111.898121
9430,33.693733,-111.737002
9431,33.313322,-112.248525
9432,33.620685,-112.103514
9433,33.374386,-112.033561
9434,33.378496,-112.026889
9435,33.377809,-111.835114
9436,33.635341,-112.033963
9437,33.337896,-112.283703
9438,33.200544,-111.873938
9439,33.629142,-111.769102
9440,33.302711,-111.991657
9441,33.262689,-111.951335
9442,33.34251,-112.202238
9443,33.42794,-112.167612
9444,33.485544,-112.158898
9445,33.226742,-112.041555
9446,33.782344,-111.743113
9447,33.629638,-111.986929
9448,33.393916,-112.184741
9449,33.391218,-112.140347
9450,33.469126,-112.069591
9451,33.575747,-111.926045
9452,33.287824,-112.03598
9453,33.313358,-112.064533
9454,33.715661,-111.961163
9455,33.353753,-112.154899
9456,33.428117,-112.252658
9457,33.722763,-112.285351
9458,33.597889,-112.149245
9459,33.405027,-112.245045
9460,33.61022,-112.098196
9461,33.21181,-111.83624
9462,33.641386,-111.870223
9463,33.49221,-111.933443
9464,33.687909,-111.7885
9465,33.772783,-112.130759
9466,33.755473,-111.768968
9467,33.745559,-112.060456
9468,33.507302,-112.059464
9469,33.416085,-112.056789
9470,33.479021,-112.241143
9471,33.613938,-111.714706
9472,33.730399,-112.216896
9473,33.324192,-112.095469
9474,33.750916,-112.10842
9475,33.689108,-112.255192
9476,33.787314,-112.208644
9477,33.728151,-112.273085
9478,33.367962,-112.124557
9479,33.263574,-111.780006
9480,33.267345,-112.096335
9481,33.374734,-112.225785
9482,33.56851,-111.912584
9483,33.682592,-111.702039
9484,33.73955,-112.160606
9485,33.574252,-112.132257
9486,33.203379,-111.716892
9487,33.31179,-112.192734
9488,33.259836,-111.993272
9489,33.417995,-112.156209
9490,33.500811,-111.740589
9491,33.226038,-111.711087
9492,33.409087,-111.811181
9493,33.307508,-112.11113
9494,33.588242,-112.057908
9495,33.478563,-112.154617
9496,33.497191,-111.765545
9497,33.456615,-111.751265
9498,33.773612,-112.048678
9499,33.328841,-111.90608
9500,33.509999,-112.200668
9501,33.64161,-112.039038
9502,33.534107,-111.921101
9503,33.757413,-112.068758
9504,33.426781,-112.08544
9505,33.478205,-112.299401
9506,33.253113,-111.817424
9507,33.565399,-111.766397
9508,33.372927,-111.718322
9509,33.296185,-111.868437
9510,33.526719,-111.970725
9511,33.519386,-112.138429
9512,33.245523,-111.70042
9513,33.618929,-111.946148
9514,33.574263,-111.891308
9515,33.31341,-111.890556
9516,33.481661,-111.792849
9517,33.632194,-112.294196
9518,33.517661,-112.167852
9519,33.437293,-111.90068
9520,33.393403,-111.762913
9521,33.566236,-111.888797
9522,33.763465,-112.051905
9523,33.603047,-112.083067
9524,33.244848,-111.857231
9525,33.476411,-111.855257
9526,33.734494,-111.935765
9527,33.256677,-112.12512
9528,33.793325,-111.744907
9529,33.769442,-111.968872
9530,33.246965,-111.825705
9531,33.760048,-112.171415
9532,33.41788,-112.093576
9533,33.706826,-111.775252
9534,33.45103,-112.269936
9535,33.464513,-111.992611
9536,33.580546,-112.010977
9537,33.664686,-111.849262
9538,33.220273,-112.130864
9539,33.555894,-112.16856
9540,33.31204,-111.74432
9541,33.40757,-111.956974
9542,33.408781,-112.237186
9543,33.481436,-112.184178
9544,33.400482,-111.700704
9545,33.264417,-112.182635
9546,33.287377,-111.933715
9547,33.220063,-112.047923
9548,33.482149,-111.768641
9549,33.772669,-111.846899
9550,33.269405,-111.941829
9551,33.767759,-112.293557
9552,33.640017,-111.772123
9553,33.582499,-112.0332
9554,33.587167,-111.741053
9555,33.696037,-112.002677
9556,33.264152,-111.883465
9557,33.502853,-112.258424
9558,33.618255,-111.852909
9559,33.552092,-112.097202
9560,33.699667,-112.089185
9561,33.243363,-112.228806
9562,33.614421,-112.211886
9563,33.520417,-112.188545
9564,33.427497,-112.103076
9565,33.404165,-111.764818
9566,33.5725,-112.079044
9567,33.734597,-111.865382
9568,33.497706,-112.250351
9569,33.694834,-111.945341
9570,33.441294,-112.010865
9571,33.261437,-111.713225
9572,33.236903,-111.792275
9573,33.230801,-112.027102
9574,33.42809,-111.834914
9575,33.402343,-112.184177
9576,33.630762,-111.962598
9577,33.645693,-112.255229
9578,33.230512,-112.091147
9579,33.332674,-112.164483
9580,33.364557,-111.868654
9581,33.528567,-112.005946
9582,33.286709,-111.849358
9583,33.280365,-111.990823
9584,33.766273,-112.248109
9585,33.682522,-111.858779
9586,33.308393,-111.800062
9587,33.443941,-111.757881
9588,33.413373,-111.956805
9589,33.674602,-111.847849
9590,33.506128,-111.848773
9591,33.27671,-112.20655
9592,33.643395,-112.201468
9593,33.438133,-112.257469
9594,33.357755,-112.108052
9595,33.425299,-112.015895
9596,33.498654,-111.701261
9597,33.405869,-112.041404
9598,33.345143,-111.864254
9599,33.439101,-111.883962
9600,33.211504,-112.177311
9601,33.663499,-112.264896
9602,33.302567,-111.972396
9603,33.226343,-111.879817
9604,33.592219,-111.701049
9605,33.664362,-112.084833
9606,33.688297,-111.762181
9607,33.496106,-112.070841
9608,33.323221,-111.886353
9609,33.642337,-111.941048
9610,33.619828,-112.268213
9611,33.347762,-112.252967
9612,33.742045,-112.287542
9613,33.262623,-112.0775
9614,33.789613,-111.852519
9615,33.716149,-112.196347
9616,33.612739,-111.936488
9617,33.76325,-112.126703
9618,33.633387,-111.821804
9619,33.314274,-111.820962
9620,33.465294,-111.834751
9621,33.242902,-111.9851
9622,33.433794,-112.12926
9623,33.644962,-111.814334
9624,33.431866,-112.18834
9625,33.398177,-112.126144
9626,33.557213,-112.189631
9627,33.723323,-111.895474
9628,33.22855,-111.888258
9629,33.431282,-111.908494
9630,33.294944,-112.050639
9631,33.617213,-112.239897
9632,33.263435,-111.753298
9633,33.598885,-111.995361
9634,33.371709,-112.055817
9635,33.31935,-111.946705
9636,33.761812,-112.184326
9637,33.211115,-112.220471
9638,33.462666,-112.056685
9639,33.212976,-112.163668
9640,33.490156,-112.153426
9641,33.500628,-111.764493
9642,33.392997,-111.981544
9643,33.279297,-112.009919
9644,33.425833,-111.886312
9645,33.603358,-111.729071
9646,33.669437,-112.232681
9647,33.51845,-111.799879
9648,33.553901,-111.949588
9649,33.32037,-112.212301
9650,33.372398,-112.12171
9651,33.297137,-112.010583
9652,33.349577,-111.885294
9653,33.334932,-112.154436
9654,33.511669,-111.979073
9655,33.537613,-111.889197
9656,33.766968,-112.030756
9657,33.317342,-111.782184
9658,33.585005,-111.778325
9659,33.690356,-112.017585
9660,33.536145,-111.716245
9661,33.353002,-112.254649
9662,33.35753,-112.297983
9663,33.223552,-112.071599
9664,33.383267,-111.939342
9665,33.646762,-111.92248
9666,33.228511,-112.014133
9667,33.331577,-112.22507
9668,33.623739,-112.197701
9669,33.669591,-111.788711
9670,33.473191,-111.779253
9671,33.618845,-111.895661
9672,33.432771,-111.901469
9673,33.295948,-111.941391
9674,33.43889,-112.178244
9675,33.547981,-112.04305
9676,33.768832,-111.882463
9677,33.241251,-111.977649
9678,33.504436,-112.288852
9679,33.397352,-111.727866
9680,33.504987,-111.79311
9681,33.214385,-112.143673
9682,33.387815,-111.930125
9683,33.691921,-111.746056
9684,33.532365,-112.242393
9685,33.470349,-111.998182
9686,33.371315,-112.026254
9687,33.378826,-112.053877
9688,33.429861,-111.798647
9689,33.701342,-112.071612
9690,33.780328,-112.261802
9691,33.463193,-112.260497
9692,33.436012,-112.274353
9693,33.70793,-112.054513
9694,33.456143,-111.868956
9695,33.531211,-112.177767
9696,33.338565,-111.912119
9697,33.646102,-111.887747
9698,33.519193,-112.146879
9699,33.685421,-111.939665
9700,33.66844,-111.889079
9701,33.329003,-112.020032
9702,33.629381,-112.09797
9703,33.680033,-111.928509
9704,33.407664,-111.713292
9705,33.303565,-112.043895
9706,33.201579,-112.064959
9707,33.470542,-112.02144
9708,33.41146,-112.254269
9709,33.532946,-111.968102
9710,33.312825,-112.102782
9711,33.715799,-112.227147
9712,33.354653,-112.020246
9713,33.335858,-112.29797
9714,33.488428,-112.058929
9715,33.499311,-112.236559
9716,33.329051,-112.285424
9717,33.363116,-111.805315
9718,33.301823,-111.750251
9719,33.631076,-112.175395
9720,33.662053,-111.976421
9721,33.477397,-112.133225
9722,33.628452,-112.003854
9723,33.641561,-112.038021
9724,33.282965,-112.138569
9725,33.779707,-111.879764
9726,33.692619,-112.224105
9727,33.32269,-112.268156
9728,33.311699,-111.839395
9729,33.275397,-111.900442
9730,33.283027,-112.000884
9731,33.648897,-112.019326
9732,33.481793,-112.001553
9733,33.669761,-112.037786
9734,33.647753,-112.064265
9735,33.562768,-112.000186
9736,33.61182,-111.982891
9737,33.211013,-111.884859
9738,33.387067,-111.873276
9739,33.582693,-112.073423
9740,33.205607,-112.051876
9741,33.219786,-112.075782
9742,33.711133,-111.978079
9743,33.610415,-112.027988
9744,33.359222,-111.766242
9745,33.612778,-111.882183
9746,33.675474,-111.760806
9747,33.384077,-111.874518
9748,33.221622,-111.717405
9749,33.759667,-111.918558
9750,33.407108,-111.72187
9751,33.263889,-112.205098
9752,33.495114,-112.268513
9753,33.661081,-111.952525
9754,33.332988,-111.709904
9755,33.361694,-112.049437
9756,33.345629,-112.172774
9757,33.795004,-111.987075
9758,33.318442,-111.910721
9759,33.545312,-112.110893
9760,33.755159,-111.871138
9761,33.288138,-111.714931
9762,33.782513,-111.761822
9763,33.768486,-112.125049
9764,33.730743,-112.103966
9765,33.328734,-112.077075
9766,33.580433,-112.063268
9767,33.656535,-112.239808
9768,33.791617,-111.842822
9769,33.308254,-112.080796
9770,33.659616,-111.772108
9771,33.403281,-111.743836
9772,33.305376,-112.285341
9773,33.452826,-111.706898
9774,33.676302,-111.873986
9775,33.47891,-111.987765
9776,33.522514,-112.066283
9777,33.797096,-111.988889
9778,33.439466,-112.105225
9779,33.56924,-111.926387
9780,33.419147,-112.244212
9781,33.435671,-111.927326
9782,33.617384,-112.134793
9783,33.762732,-112.289419
9784,33.525415,-111.968377
9785,33.66104,-111.952931
9786,33.253524,-112.044059
9787,33.326695,-112.256628
9788,33.501279,-111.763994
9789,33.212007,-111.933142
9790,33.351713,-112.230572
9791,33.510441,-111.993442
9792,33.208977,-112.001647
9793,33.358728,-112.263759
9794,33.508418,-111.935884
9795,33.54389,-111.815004
9796,33.755451,-111.850595
9797,33.587207,-112.178218
9798,33.448841,-111.782624
9799,33.758211,-112.094475
9800,33.67093,-111.732095
9801,33.320005,-112.256951
9802,33.278505,-112.008275
9803,33.605487,-111.941725
9804,33.53593,-112.15141
9805,33.673804,-111.837172
9806,33.643283,-111.923863
9807,33.575127,-112.289134
9808,33.791829,-111.934979
9809,33.520154,-112.005113
9810,33.267863,-112.182382
9811,33.696964,-111.702551
9812,33.351112,-111.761703
9813,33.666381,-112.124495
9814,33.774264,-111.975357
9815,33.618077,-112.110099
9816,33.557618,-111.834703
9817,33.476232,-111.741801
9818,33.418646,-112.084703
9819,33.411803,-111.816649
9820,33.581824,-112.000955
9821,33.650764,-112.062053
9822,33.60711,-111.736947
9823,33.319046,-111.993757
9824,33.496392,-112.019554
9825,33.674984,-111.896539
9826,33.485422,-112.143259
9827,33.521974,-112.105124
9828,33.662682,-111.740772
9829,33.596759,-111.892882
9830,33.445607,-111.804018
9831,33.737248,-112.137333
9832,33.29754,-111.973726
9833,33.79731,-111.717162
9834,33.271312,-112.108778
9835,33.20897,-112.203714
9836,33.734011,-111.993468
9837,33.346972,-112.067307
9838,33.63782,-112.204254
9839,33.686609,-111.766869
9840,33.715392,-111.705566
9841,33.794957,-111.958851
9842,33.376424,-111.835194
9843,33.626146,-111.784577
9844,33.26924,-111.879411
9845,33.444086,-112.273506
9846,33.708783,-112.205419
9847,33.420595,-112.257406
9848,33.554657,-112.294072
9849,33.502264,-112.116402
9850,33.587571,-112.064586
9851,33.783737,-112.155382
9852,33.233441,-112.261237
9853,33.544377,-111.982082
9854,33.717817,-112.136008
9855,33.48883,-111.822378
9856,33.247116,-112.295168
9857,33.536324,-111.794484
9858,33.399244,-111.727148
9859,33.292965,-111.870319
9860,33.709421,-111.859814
9861,33.51296,-111.739863
9862,33.759966,-112.174557
9863,33.68361,-111.703261
9864,33.615783,-111.835911
9865,33.203015,-111.864058
9866,33.456694,-112.083346
9867,33.318492,-111.972534
9868,33.746479,-111.907649
9869,33.30475,-111.927794
9870,33.371636,-111.877009
9871,33.510102,-112.250571
9872,33.358018,-112.086611
9873,33.325919,-112.0396
9874,33.55946,-112.143622
9875,33.253358,-112.196424
9876,33.234901,-112.216644
9877,33.423347,-112.08017
9878,33.632399,-112.003935
9879,33.532884,-112.262214
9880,33.453726,-111.732125
9881,33.539451,-111.840854
9882,33.419271,-111.861489
9883,33.761688,-112.196284
9884,33.232943,-111.93772
9885,33.604035,-111.982165
9886,33.73477,-111.710519
9887,33.682331,-111.851397
9888,33.310425,-111.954543
9889,33.377556,-111.789512
9890,33.630229,-112.206943
9891,33.250562,-112.29087
9892,33.687117,-111.88586
9893,33.631344,-112.241013
9894,33.637764,-112.23074
9895,33.260145,-111.853192
9896,33.630656,-112.137679
9897,33.607891,-111.922821
9898,33.698553,-111.749556
9899,33.224958,-112.110115
9900,33.213866,-112.169714
9901,33.423804,-112.236062
9902,33.289273,-112.221723
9903,33.535031,-112.262666
9904,33.750409,-112.247415
9905,33.434888,-112.040797
9906,33.70697,-112.107481
9907,33.200145,-111.876064
9908,33.301109,-111.777855
9909,33.218254,-111.829136
9910,33.396888,-111.981618
9911,33.744914,-112.238535
9912,33.258171,-111.87414
9913,33.563846,-112.082303
9914,33.470898,-112.24861
9915,33.763081,-111.79452
9916,33.273511,-112.09707
9917,33.327217,-112.169051
9918,33.217725,-111.777129
9919,33.460361,-111.75872
9920,33.3667,-112.096617
9921,33.721944,-112.087119
9922,33.562964,-111.952223
9923,33.568454,-111.859935
9924,33.519146,-112.26211
9925,33.25511,-111.943994
9926,33.467011,-111.728308
9927,33.799703,-112.142744
9928,33.701138,-111.754704
9929,33.736075,-111.729899
9930,33.693936,-112.138508
9931,33.261825,-111.847479
9932,33.336469,-112.156735
9933,33.201873,-111.857433
9934,33.382106,-111.821548
9935,33.265164,-112.151677
9936,33.483676,-111.870478
9937,33.606276,-111.812737
9938,33.724703,-112.084853
9939,33.64953,-112.199378
9940,33.763151,-112.244821
9941,33.232339,-111.954771
9942,33.207308,-111.713141
9943,33.596803,-111.80623
9944,33.373611,-112.038496
9945,33.352101,-111.978027
9946,33.398532,-112.132283
9947,33.361878,-112.20216
9948,33.506862,-112.010751
9949,33.464089,-112.021899
9950,33.507457,-111.986842
9951,33.603628,-111.728317
9952,33.432278,-111.937663
9953,33.350785,-111.936537
9954,33.29972,-112.223185
9955,33.409684,-111.702107
9956,33.645084,-111.836293
9957,33.654023,-111.773678
9958,33.600143,-112.05142
9959,33.340417,-111.998723
9960,33.552852,-111.98675
9961,33.542414,-112.183543
9962,33.49056,-111.886307
9963,33.529987,-111.758214
9964,33.495074,-112.201777
9965,33.539274,-112.248209
9966,33.629304,-111.857069
9967,33.265777,-112.136079
9968,33.649775,-111.925682
9969,33.281532,-111.882545
9970,33.239977,-112.106854
9971,33.785648,-111.810913
9972,33.774195,-111.970007
9973,33.236262,-111.7786
9974,33.465952,-111.842024
9975,33.311747,-111.778855
9976,33.491207,-112.287903
9977,33.698106,-112.153896
9978,33.770367,-112.245995
9979,33.580552,-112.03475
9980,33.412343,-111.766024
9981,33.561995,-112.019476
9982,33.387201,-111.790172
9983,33.745894,-112.103693
9984,33.72224,-112.096258
9985,33.534939,-111.762663
9986,33.394879,-112.04451
9987,33.376034,-111.826141
9988,33.220051,-112.158014
9989,33.689493,-111.73072
9990,33.47023,-111.955253
9991,33.39508,-111.844406
9992,33.482666,-112.246291
9993,33.691243,-112.004401
9994,33.274769,-111.759377
9995,33.714594,-111.773777
9996,33.738505,-112.271912
9997,33.768025,-112.117781
9998,33.438493,-112.034008
9999,33.330284,-112.196641
